frame,speed,date,time,marker
0,205,18/10/2023,16:00:15,020+106
1,205,18/10/2023,16:00:15,020+111
2,205,18/10/2023,16:00:15,020+116
3,205,18/10/2023,16:00:15,020+116
4,205,18/10/2023,16:00:15,020+121
5,205,18/10/2023,16:00:16,020+126
6,205,18/10/2023,16:00:16,020+126
7,205,18/10/2023,16:00:16,020+131
8,206,18/10/2023,16:00:16,020+136
9,206,18/10/2023,16:00:16,020+136
10,206,18/10/2023,16:00:16,020+141
11,206,18/10/2023,16:00:16,020+146
12,206,18/10/2023,16:00:16,020+146
13,206,18/10/2023,16:00:16,020+151
14,206,18/10/2023,16:00:16,020+156
15,206,18/10/2023,16:00:16,020+156
16,206,18/10/2023,16:00:16,020+161
17,206,18/10/2023,16:00:16,020+166
18,206,18/10/2023,16:00:16,020+166
19,206,18/10/2023,16:00:16,020+171
20,206,18/10/2023,16:00:16,020+176
21,206,18/10/2023,16:00:16,020+176
22,206,18/10/2023,16:00:17,020+181
23,206,18/10/2023,16:00:17,020+186
24,206,18/10/2023,16:00:17,020+186
25,206,18/10/2023,16:00:17,020+191
26,206,18/10/2023,16:00:17,020+196
27,206,18/10/2023,16:00:17,020+196
28,207,18/10/2023,16:00:17,020+201
29,207,18/10/2023,16:00:17,020+206
30,207,18/10/2023,16:00:17,020+206
31,207,18/10/2023,16:00:17,020+211
32,207,18/10/2023,16:00:17,020+216
33,207,18/10/2023,16:00:17,020+216
34,207,18/10/2023,16:00:17,020+221
35,207,18/10/2023,16:00:17,020+226
36,207,18/10/2023,16:00:17,020+226
37,207,18/10/2023,16:00:17,020+231
38,207,18/10/2023,16:00:17,020+236
39,207,18/10/2023,16:00:17,020+236
40,207,18/10/2023,16:00:18,020+241
41,207,18/10/2023,16:00:18,020+246
42,207,18/10/2023,16:00:18,020+246
43,207,18/10/2023,16:00:18,020+251
44,207,18/10/2023,16:00:18,020+256
45,207,18/10/2023,16:00:18,020+256
46,207,18/10/2023,16:00:18,020+261
47,208,18/10/2023,16:00:18,020+266
48,208,18/10/2023,16:00:18,020+266
49,208,18/10/2023,16:00:18,020+271
50,208,18/10/2023,16:00:18,020+276
51,208,18/10/2023,16:00:18,020+276
52,208,18/10/2023,16:00:18,020+281
53,208,18/10/2023,16:00:18,020+286
54,208,18/10/2023,16:00:18,020+286
55,208,18/10/2023,16:00:18,020+291
56,208,18/10/2023,16:00:19,020+296
57,208,18/10/2023,16:00:19,020+296
58,208,18/10/2023,16:00:19,020+301
59,208,18/10/2023,16:00:19,020+306
60,208,18/10/2023,16:00:19,020+306
61,208,18/10/2023,16:00:19,020+311
62,208,18/10/2023,16:00:19,020+316
63,208,18/10/2023,16:00:19,020+316
64,208,18/10/2023,16:00:19,020+321
65,208,18/10/2023,16:00:19,020+326
66,208,18/10/2023,16:00:19,020+326
67,209,18/10/2023,16:00:19,020+331
68,209,18/10/2023,16:00:19,020+336
69,209,18/10/2023,16:00:19,020+336
70,209,18/10/2023,16:00:19,020+341
71,209,18/10/2023,16:00:19,020+346
72,209,18/10/2023,16:00:19,020+351
73,209,18/10/2023,16:00:19,020+351
74,209,18/10/2023,16:00:20,020+356
75,209,18/10/2023,16:00:20,020+361
76,209,18/10/2023,16:00:20,020+361
77,209,18/10/2023,16:00:20,020+366
78,209,18/10/2023,16:00:20,020+371
79,209,18/10/2023,16:00:20,020+371
80,209,18/10/2023,16:00:20,020+376
81,209,18/10/2023,16:00:20,020+381
82,209,18/10/2023,16:00:20,020+381
83,209,18/10/2023,16:00:20,020+386
84,209,18/10/2023,16:00:20,020+391
85,209,18/10/2023,16:00:20,020+391
86,209,18/10/2023,16:00:20,020+396
87,209,18/10/2023,16:00:20,020+401
88,209,18/10/2023,16:00:20,020+401
89,209,18/10/2023,16:00:20,020+406
90,209,18/10/2023,16:00:20,020+411
91,209,18/10/2023,16:00:20,020+411
92,210,18/10/2023,16:00:21,020+416
93,210,18/10/2023,16:00:21,020+421
94,210,18/10/2023,16:00:21,020+421
95,210,18/10/2023,16:00:21,020+426
96,210,18/10/2023,16:00:21,020+431
97,210,18/10/2023,16:00:21,020+431
98,210,18/10/2023,16:00:21,020+436
99,210,18/10/2023,16:00:21,020+441
100,210,18/10/2023,16:00:21,020+441
101,210,18/10/2023,16:00:21,020+446
102,210,18/10/2023,16:00:21,020+451
103,210,18/10/2023,16:00:21,020+451
104,210,18/10/2023,16:00:21,020+456
105,210,18/10/2023,16:00:21,020+461
106,210,18/10/2023,16:00:21,020+461
107,210,18/10/2023,16:00:21,020+466
108,210,18/10/2023,16:00:22,020+471
109,210,18/10/2023,16:00:22,020+476
110,210,18/10/2023,16:00:22,020+476
111,210,18/10/2023,16:00:22,020+481
112,210,18/10/2023,16:00:22,020+486
113,210,18/10/2023,16:00:22,020+486
114,210,18/10/2023,16:00:22,020+491
115,210,18/10/2023,16:00:22,020+496
116,210,18/10/2023,16:00:22,020+496
117,210,18/10/2023,16:00:22,020+501
118,210,18/10/2023,16:00:22,020+506
119,210,18/10/2023,16:00:22,020+506
120,210,18/10/2023,16:00:22,020+511
121,211,18/10/2023,16:00:22,020+516
122,211,18/10/2023,16:00:22,020+516
123,211,18/10/2023,16:00:22,020+521
124,211,18/10/2023,16:00:22,020+526
125,211,18/10/2023,16:00:22,020+526
126,211,18/10/2023,16:00:23,020+531
127,211,18/10/2023,16:00:23,020+536
128,211,18/10/2023,16:00:23,020+536
129,211,18/10/2023,16:00:23,020+541
130,211,18/10/2023,16:00:23,020+546
131,211,18/10/2023,16:00:23,020+546
132,211,18/10/2023,16:00:23,020+551
133,211,18/10/2023,16:00:23,020+556
134,211,18/10/2023,16:00:23,020+556
135,211,18/10/2023,16:00:23,020+561
136,211,18/10/2023,16:00:23,020+566
137,211,18/10/2023,16:00:23,020+566
138,211,18/10/2023,16:00:23,020+571
139,211,18/10/2023,16:00:23,020+576
140,211,18/10/2023,16:00:23,020+581
141,211,18/10/2023,16:00:23,020+581
142,211,18/10/2023,16:00:23,020+586
143,211,18/10/2023,16:00:24,020+591
144,211,18/10/2023,16:00:24,020+591
145,211,18/10/2023,16:00:24,020+596
146,211,18/10/2023,16:00:24,020+601
147,211,18/10/2023,16:00:24,020+601
148,211,18/10/2023,16:00:24,020+606
149,211,18/10/2023,16:00:24,020+611
150,211,18/10/2023,16:00:24,020+611
151,211,18/10/2023,16:00:24,020+616
152,212,18/10/2023,16:00:24,020+621
153,212,18/10/2023,16:00:24,020+621
154,212,18/10/2023,16:00:24,020+626
155,212,18/10/2023,16:00:24,020+631
156,212,18/10/2023,16:00:24,020+631
157,212,18/10/2023,16:00:24,020+636
158,212,18/10/2023,16:00:24,020+641
159,212,18/10/2023,16:00:24,020+641
160,212,18/10/2023,16:00:24,020+646
161,212,18/10/2023,16:00:25,020+651
162,212,18/10/2023,16:00:25,020+656
163,212,18/10/2023,16:00:25,020+656
164,212,18/10/2023,16:00:25,020+661
165,212,18/10/2023,16:00:25,020+666
166,212,18/10/2023,16:00:25,020+666
167,212,18/10/2023,16:00:25,020+671
168,212,18/10/2023,16:00:25,020+676
169,212,18/10/2023,16:00:25,020+676
170,212,18/10/2023,16:00:25,020+681
171,212,18/10/2023,16:00:25,020+686
172,212,18/10/2023,16:00:25,020+686
173,212,18/10/2023,16:00:25,020+691
174,212,18/10/2023,16:00:25,020+696
175,212,18/10/2023,16:00:25,020+696
176,212,18/10/2023,16:00:25,020+701
177,212,18/10/2023,16:00:26,020+706
178,212,18/10/2023,16:00:26,020+706
179,212,18/10/2023,16:00:26,020+711
180,212,18/10/2023,16:00:26,020+716
181,212,18/10/2023,16:00:26,020+716
182,212,18/10/2023,16:00:26,020+721
183,213,18/10/2023,16:00:26,020+726
184,213,18/10/2023,16:00:26,020+731
185,213,18/10/2023,16:00:26,020+731
186,213,18/10/2023,16:00:26,020+736
187,213,18/10/2023,16:00:26,020+741
188,213,18/10/2023,16:00:26,020+741
189,213,18/10/2023,16:00:26,020+746
190,213,18/10/2023,16:00:26,020+751
191,213,18/10/2023,16:00:26,020+751
192,213,18/10/2023,16:00:26,020+756
193,213,18/10/2023,16:00:26,020+761
194,213,18/10/2023,16:00:26,020+761
195,213,18/10/2023,16:00:27,020+766
196,213,18/10/2023,16:00:27,020+771
197,213,18/10/2023,16:00:27,020+771
198,213,18/10/2023,16:00:27,020+776
199,213,18/10/2023,16:00:27,020+781
200,213,18/10/2023,16:00:27,020+786
201,213,18/10/2023,16:00:27,020+786
202,213,18/10/2023,16:00:27,020+791
203,213,18/10/2023,16:00:27,020+796
204,213,18/10/2023,16:00:27,020+796
205,213,18/10/2023,16:00:27,020+801
206,213,18/10/2023,16:00:27,020+806
207,213,18/10/2023,16:00:27,020+806
208,213,18/10/2023,16:00:27,020+811
209,213,18/10/2023,16:00:27,020+816
210,213,18/10/2023,16:00:27,020+816
211,213,18/10/2023,16:00:27,020+821
212,213,18/10/2023,16:00:28,020+826
213,213,18/10/2023,16:00:28,020+826
214,213,18/10/2023,16:00:28,020+831
215,213,18/10/2023,16:00:28,020+836
216,213,18/10/2023,16:00:28,020+836
217,214,18/10/2023,16:00:28,020+841
218,214,18/10/2023,16:00:28,020+846
219,214,18/10/2023,16:00:28,020+851
220,214,18/10/2023,16:00:28,020+851
221,214,18/10/2023,16:00:28,020+856
222,214,18/10/2023,16:00:28,020+861
223,214,18/10/2023,16:00:28,020+861
224,214,18/10/2023,16:00:28,020+866
225,214,18/10/2023,16:00:28,020+871
226,214,18/10/2023,16:00:28,020+871
227,214,18/10/2023,16:00:28,020+876
228,214,18/10/2023,16:00:28,020+881
229,214,18/10/2023,16:00:28,020+881
230,214,18/10/2023,16:00:29,020+886
231,214,18/10/2023,16:00:29,020+891
232,214,18/10/2023,16:00:29,020+896
233,214,18/10/2023,16:00:29,020+896
234,214,18/10/2023,16:00:29,020+901
235,214,18/10/2023,16:00:29,020+906
236,214,18/10/2023,16:00:29,020+906
237,214,18/10/2023,16:00:29,020+911
238,214,18/10/2023,16:00:29,020+916
239,214,18/10/2023,16:00:29,020+916
240,214,18/10/2023,16:00:29,020+921
241,214,18/10/2023,16:00:29,020+926
242,214,18/10/2023,16:00:29,020+926
243,214,18/10/2023,16:00:29,020+931
244,214,18/10/2023,16:00:29,020+936
245,215,18/10/2023,16:00:29,020+941
246,215,18/10/2023,16:00:29,020+941
247,215,18/10/2023,16:00:30,020+946
248,215,18/10/2023,16:00:30,020+951
249,215,18/10/2023,16:00:30,020+951
250,215,18/10/2023,16:00:30,020+956
251,215,18/10/2023,16:00:30,020+961
252,215,18/10/2023,16:00:30,020+961
253,215,18/10/2023,16:00:30,020+966
254,215,18/10/2023,16:00:30,020+971
255,215,18/10/2023,16:00:30,020+971
256,215,18/10/2023,16:00:30,020+976
257,215,18/10/2023,16:00:30,020+981
258,215,18/10/2023,16:00:30,020+981
259,215,18/10/2023,16:00:30,020+986
260,215,18/10/2023,16:00:30,020+991
261,215,18/10/2023,16:00:30,020+996
262,215,18/10/2023,16:00:30,020+996
263,215,18/10/2023,16:00:30,021+001
264,215,18/10/2023,16:00:31,021+006
265,215,18/10/2023,16:00:31,021+006
266,215,18/10/2023,16:00:31,021+011
267,215,18/10/2023,16:00:31,021+016
268,215,18/10/2023,16:00:31,021+016
269,215,18/10/2023,16:00:31,021+021
270,215,18/10/2023,16:00:31,021+026
271,215,18/10/2023,16:00:31,021+026
272,215,18/10/2023,16:00:31,021+031
273,215,18/10/2023,16:00:31,021+036
274,215,18/10/2023,16:00:31,021+041
275,215,18/10/2023,16:00:31,021+041
276,216,18/10/2023,16:00:31,021+046
277,216,18/10/2023,16:00:31,021+051
278,216,18/10/2023,16:00:31,021+051
279,216,18/10/2023,16:00:31,021+056
280,216,18/10/2023,16:00:31,021+061
281,216,18/10/2023,16:00:31,021+061
282,216,18/10/2023,16:00:32,021+066
283,216,18/10/2023,16:00:32,021+071
284,216,18/10/2023,16:00:32,021+071
285,216,18/10/2023,16:00:32,021+076
286,216,18/10/2023,16:00:32,021+081
287,216,18/10/2023,16:00:32,021+086
288,216,18/10/2023,16:00:32,021+086
289,216,18/10/2023,16:00:32,021+091
290,216,18/10/2023,16:00:32,021+096
291,216,18/10/2023,16:00:32,021+096
292,216,18/10/2023,16:00:32,021+101
293,216,18/10/2023,16:00:32,021+106
294,216,18/10/2023,16:00:32,021+106
295,216,18/10/2023,16:00:32,021+111
296,216,18/10/2023,16:00:32,021+116
297,216,18/10/2023,16:00:32,021+116
298,216,18/10/2023,16:00:32,021+121
299,216,18/10/2023,16:00:33,021+126
300,216,18/10/2023,16:00:33,021+131
301,216,18/10/2023,16:00:33,021+131
302,216,18/10/2023,16:00:33,021+136
303,216,18/10/2023,16:00:33,021+141
304,216,18/10/2023,16:00:33,021+141
305,217,18/10/2023,16:00:33,021+146
306,217,18/10/2023,16:00:33,021+151
307,217,18/10/2023,16:00:33,021+151
308,217,18/10/2023,16:00:33,021+156
309,217,18/10/2023,16:00:33,021+161
310,217,18/10/2023,16:00:33,021+166
311,217,18/10/2023,16:00:33,021+166
312,217,18/10/2023,16:00:33,021+171
313,217,18/10/2023,16:00:33,021+176
314,217,18/10/2023,16:00:33,021+176
315,217,18/10/2023,16:00:33,021+181
316,217,18/10/2023,16:00:34,021+186
317,217,18/10/2023,16:00:34,021+186
318,217,18/10/2023,16:00:34,021+191
319,217,18/10/2023,16:00:34,021+196
320,217,18/10/2023,16:00:34,021+201
321,217,18/10/2023,16:00:34,021+201
322,217,18/10/2023,16:00:34,021+206
323,217,18/10/2023,16:00:34,021+211
324,217,18/10/2023,16:00:34,021+211
325,217,18/10/2023,16:00:34,021+216
326,218,18/10/2023,16:00:34,021+221
327,218,18/10/2023,16:00:34,021+221
328,218,18/10/2023,16:00:34,021+226
329,218,18/10/2023,16:00:34,021+231
330,218,18/10/2023,16:00:34,021+236
331,218,18/10/2023,16:00:34,021+236
332,218,18/10/2023,16:00:34,021+241
333,218,18/10/2023,16:00:35,021+246
334,218,18/10/2023,16:00:35,021+246
335,218,18/10/2023,16:00:35,021+251
336,218,18/10/2023,16:00:35,021+256
337,218,18/10/2023,16:00:35,021+261
338,218,18/10/2023,16:00:35,021+261
339,218,18/10/2023,16:00:35,021+266
340,218,18/10/2023,16:00:35,021+271
341,218,18/10/2023,16:00:35,021+271
342,218,18/10/2023,16:00:35,021+276
343,218,18/10/2023,16:00:35,021+281
344,218,18/10/2023,16:00:35,021+281
345,218,18/10/2023,16:00:35,021+286
346,218,18/10/2023,16:00:35,021+291
347,219,18/10/2023,16:00:35,021+296
348,219,18/10/2023,16:00:35,021+296
349,219,18/10/2023,16:00:35,021+301
350,219,18/10/2023,16:00:36,021+306
351,219,18/10/2023,16:00:36,021+306
352,219,18/10/2023,16:00:36,021+311
353,219,18/10/2023,16:00:36,021+316
354,219,18/10/2023,16:00:36,021+316
355,219,18/10/2023,16:00:36,021+321
356,219,18/10/2023,16:00:36,021+326
357,219,18/10/2023,16:00:36,021+331
358,219,18/10/2023,16:00:36,021+331
359,219,18/10/2023,16:00:36,021+336
360,219,18/10/2023,16:00:36,021+341
361,219,18/10/2023,16:00:36,021+341
362,219,18/10/2023,16:00:36,021+346
363,219,18/10/2023,16:00:36,021+351
364,219,18/10/2023,16:00:36,021+356
365,219,18/10/2023,16:00:36,021+356
366,219,18/10/2023,16:00:36,021+361
367,220,18/10/2023,16:00:37,021+366
368,220,18/10/2023,16:00:37,021+366
369,220,18/10/2023,16:00:37,021+371
370,220,18/10/2023,16:00:37,021+376
371,220,18/10/2023,16:00:37,021+376
372,220,18/10/2023,16:00:37,021+381
373,220,18/10/2023,16:00:37,021+386
374,220,18/10/2023,16:00:37,021+391
375,220,18/10/2023,16:00:37,021+391
376,220,18/10/2023,16:00:37,021+396
377,220,18/10/2023,16:00:37,021+401
378,220,18/10/2023,16:00:37,021+401
379,220,18/10/2023,16:00:37,021+406
380,220,18/10/2023,16:00:37,021+411
381,220,18/10/2023,16:00:37,021+416
382,220,18/10/2023,16:00:37,021+416
383,220,18/10/2023,16:00:37,021+421
384,220,18/10/2023,16:00:37,021+426
385,220,18/10/2023,16:00:37,021+426
386,220,18/10/2023,16:00:38,021+431
387,220,18/10/2023,16:00:38,021+436
388,221,18/10/2023,16:00:38,021+441
389,221,18/10/2023,16:00:38,021+441
390,221,18/10/2023,16:00:38,021+446
391,221,18/10/2023,16:00:38,021+451
392,221,18/10/2023,16:00:38,021+451
393,221,18/10/2023,16:00:38,021+456
394,221,18/10/2023,16:00:38,021+461
395,221,18/10/2023,16:00:38,021+466
396,221,18/10/2023,16:00:38,021+466
397,221,18/10/2023,16:00:38,021+471
398,221,18/10/2023,16:00:38,021+476
399,221,18/10/2023,16:00:38,021+476
400,221,18/10/2023,16:00:38,021+481
401,221,18/10/2023,16:00:38,021+486
402,221,18/10/2023,16:00:39,021+491
403,221,18/10/2023,16:00:39,021+491
404,221,18/10/2023,16:00:39,021+496
405,221,18/10/2023,16:00:39,021+501
406,221,18/10/2023,16:00:39,021+501
407,221,18/10/2023,16:00:39,021+506
408,222,18/10/2023,16:00:39,021+511
409,222,18/10/2023,16:00:39,021+516
410,222,18/10/2023,16:00:39,021+516
411,222,18/10/2023,16:00:39,021+521
412,222,18/10/2023,16:00:39,021+526
413,222,18/10/2023,16:00:39,021+526
414,222,18/10/2023,16:00:39,021+531
415,222,18/10/2023,16:00:39,021+536
416,222,18/10/2023,16:00:39,021+541
417,222,18/10/2023,16:00:39,021+541
418,222,18/10/2023,16:00:39,021+546
419,222,18/10/2023,16:00:40,021+551
420,222,18/10/2023,16:00:40,021+551
421,222,18/10/2023,16:00:40,021+556
422,222,18/10/2023,16:00:40,021+561
423,222,18/10/2023,16:00:40,021+566
424,222,18/10/2023,16:00:40,021+566
425,222,18/10/2023,16:00:40,021+571
426,222,18/10/2023,16:00:40,021+576
427,222,18/10/2023,16:00:40,021+576
428,222,18/10/2023,16:00:40,021+581
429,223,18/10/2023,16:00:40,021+586
430,223,18/10/2023,16:00:40,021+591
431,223,18/10/2023,16:00:40,021+591
432,223,18/10/2023,16:00:40,021+596
433,223,18/10/2023,16:00:40,021+601
434,223,18/10/2023,16:00:40,021+601
435,223,18/10/2023,16:00:40,021+606
436,223,18/10/2023,16:00:40,021+611
437,223,18/10/2023,16:00:41,021+616
438,223,18/10/2023,16:00:41,021+616
439,223,18/10/2023,16:00:41,021+621
440,223,18/10/2023,16:00:41,021+626
441,223,18/10/2023,16:00:41,021+626
442,223,18/10/2023,16:00:41,021+631
443,223,18/10/2023,16:00:41,021+636
444,223,18/10/2023,16:00:41,021+641
445,223,18/10/2023,16:00:41,021+641
446,223,18/10/2023,16:00:41,021+646
447,223,18/10/2023,16:00:41,021+651
448,224,18/10/2023,16:00:41,021+656
449,224,18/10/2023,16:00:41,021+656
450,224,18/10/2023,16:00:41,021+661
451,224,18/10/2023,16:00:41,021+666
452,224,18/10/2023,16:00:41,021+666
453,224,18/10/2023,16:00:41,021+671
454,224,18/10/2023,16:00:42,021+676
455,224,18/10/2023,16:00:42,021+681
456,224,18/10/2023,16:00:42,021+681
457,224,18/10/2023,16:00:42,021+686
458,224,18/10/2023,16:00:42,021+691
459,224,18/10/2023,16:00:42,021+691
460,224,18/10/2023,16:00:42,021+696
461,224,18/10/2023,16:00:42,021+701
462,224,18/10/2023,16:00:42,021+706
463,224,18/10/2023,16:00:42,021+706
464,224,18/10/2023,16:00:42,021+711
465,224,18/10/2023,16:00:42,021+716
466,224,18/10/2023,16:00:42,021+721
467,224,18/10/2023,16:00:42,021+721
468,225,18/10/2023,16:00:42,021+726
469,225,18/10/2023,16:00:42,021+731
470,225,18/10/2023,16:00:42,021+731
471,225,18/10/2023,16:00:42,021+736
472,225,18/10/2023,16:00:43,021+741
473,225,18/10/2023,16:00:43,021+746
474,225,18/10/2023,16:00:43,021+746
475,225,18/10/2023,16:00:43,021+751
476,225,18/10/2023,16:00:43,021+756
477,225,18/10/2023,16:00:43,021+756
478,225,18/10/2023,16:00:43,021+761
479,225,18/10/2023,16:00:43,021+766
480,225,18/10/2023,16:00:43,021+771
481,225,18/10/2023,16:00:43,021+771
482,225,18/10/2023,16:00:43,021+776
483,225,18/10/2023,16:00:43,021+781
484,225,18/10/2023,16:00:43,021+786
485,225,18/10/2023,16:00:43,021+786
486,225,18/10/2023,16:00:43,021+791
487,226,18/10/2023,16:00:43,021+796
488,226,18/10/2023,16:00:43,021+796
489,226,18/10/2023,16:00:44,021+801
490,226,18/10/2023,16:00:44,021+806
491,226,18/10/2023,16:00:44,021+811
492,226,18/10/2023,16:00:44,021+811
493,226,18/10/2023,16:00:44,021+816
494,226,18/10/2023,16:00:44,021+821
495,226,18/10/2023,16:00:44,021+826
496,226,18/10/2023,16:00:44,021+826
497,226,18/10/2023,16:00:44,021+831
498,226,18/10/2023,16:00:44,021+836
499,226,18/10/2023,16:00:44,021+836
500,226,18/10/2023,16:00:44,021+841
501,226,18/10/2023,16:00:44,021+846
502,226,18/10/2023,16:00:44,021+851
503,226,18/10/2023,16:00:44,021+851
504,226,18/10/2023,16:00:44,021+856
505,227,18/10/2023,16:00:44,021+861
506,227,18/10/2023,16:00:45,021+866
507,227,18/10/2023,16:00:45,021+866
508,227,18/10/2023,16:00:45,021+871
509,227,18/10/2023,16:00:45,021+876
510,227,18/10/2023,16:00:45,021+881
511,227,18/10/2023,16:00:45,021+881
512,227,18/10/2023,16:00:45,021+886
513,227,18/10/2023,16:00:45,021+891
514,227,18/10/2023,16:00:45,021+891
515,227,18/10/2023,16:00:45,021+896
516,227,18/10/2023,16:00:45,021+901
517,227,18/10/2023,16:00:45,021+906
518,227,18/10/2023,16:00:45,021+906
519,227,18/10/2023,16:00:45,021+911
520,228,18/10/2023,16:00:45,021+916
521,228,18/10/2023,16:00:45,021+921
522,228,18/10/2023,16:00:45,021+921
523,228,18/10/2023,16:00:46,021+926
524,228,18/10/2023,16:00:46,021+931
525,228,18/10/2023,16:00:46,021+936
526,228,18/10/2023,16:00:46,021+936
527,228,18/10/2023,16:00:46,021+941
528,228,18/10/2023,16:00:46,021+946
529,228,18/10/2023,16:00:46,021+946
530,228,18/10/2023,16:00:46,021+951
531,228,18/10/2023,16:00:46,021+956
532,228,18/10/2023,16:00:46,021+961
533,228,18/10/2023,16:00:46,021+961
534,229,18/10/2023,16:00:46,021+966
535,229,18/10/2023,16:00:46,021+971
536,229,18/10/2023,16:00:46,021+976
537,229,18/10/2023,16:00:46,021+976
538,229,18/10/2023,16:00:46,021+981
539,229,18/10/2023,16:00:46,021+986
540,229,18/10/2023,16:00:47,021+991
541,229,18/10/2023,16:00:47,021+991
542,229,18/10/2023,16:00:47,021+996
543,229,18/10/2023,16:00:47,022+001
544,229,18/10/2023,16:00:47,022+006
545,229,18/10/2023,16:00:47,022+006
546,229,18/10/2023,16:00:47,022+011
547,230,18/10/2023,16:00:47,022+016
548,230,18/10/2023,16:00:47,022+021
549,230,18/10/2023,16:00:47,022+021
550,230,18/10/2023,16:00:47,022+026
551,230,18/10/2023,16:00:47,022+031
552,230,18/10/2023,16:00:47,022+031
553,230,18/10/2023,16:00:47,022+036
554,230,18/10/2023,16:00:47,022+041
555,230,18/10/2023,16:00:47,022+046
556,230,18/10/2023,16:00:47,022+046
557,230,18/10/2023,16:00:47,022+051
558,230,18/10/2023,16:00:48,022+056
559,230,18/10/2023,16:00:48,022+061
560,230,18/10/2023,16:00:48,022+061
561,230,18/10/2023,16:00:48,022+066
562,231,18/10/2023,16:00:48,022+071
563,231,18/10/2023,16:00:48,022+076
564,231,18/10/2023,16:00:48,022+076
565,231,18/10/2023,16:00:48,022+081
566,231,18/10/2023,16:00:48,022+086
567,231,18/10/2023,16:00:48,022+091
568,231,18/10/2023,16:00:48,022+091
569,231,18/10/2023,16:00:48,022+096
570,231,18/10/2023,16:00:48,022+101
571,231,18/10/2023,16:00:48,022+106
572,231,18/10/2023,16:00:48,022+106
573,231,18/10/2023,16:00:48,022+111
574,231,18/10/2023,16:00:48,022+116
575,231,18/10/2023,16:00:49,022+121
576,231,18/10/2023,16:00:49,022+121
577,232,18/10/2023,16:00:49,022+126
578,232,18/10/2023,16:00:49,022+131
579,232,18/10/2023,16:00:49,022+136
580,232,18/10/2023,16:00:49,022+136
581,232,18/10/2023,16:00:49,022+141
582,232,18/10/2023,16:00:49,022+146
583,232,18/10/2023,16:00:49,022+151
584,232,18/10/2023,16:00:49,022+151
585,232,18/10/2023,16:00:49,022+156
586,232,18/10/2023,16:00:49,022+161
587,232,18/10/2023,16:00:49,022+166
588,232,18/10/2023,16:00:49,022+166
589,232,18/10/2023,16:00:49,022+171
590,232,18/10/2023,16:00:49,022+176
591,232,18/10/2023,16:00:49,022+181
592,232,18/10/2023,16:00:49,022+181
593,232,18/10/2023,16:00:50,022+186
594,233,18/10/2023,16:00:50,022+191
595,233,18/10/2023,16:00:50,022+196
596,233,18/10/2023,16:00:50,022+196
597,233,18/10/2023,16:00:50,022+201
598,233,18/10/2023,16:00:50,022+206
599,233,18/10/2023,16:00:50,022+211
600,233,18/10/2023,16:00:50,022+211
601,233,18/10/2023,16:00:50,022+216
602,233,18/10/2023,16:00:50,022+221
603,233,18/10/2023,16:00:50,022+226
604,233,18/10/2023,16:00:50,022+226
605,233,18/10/2023,16:00:50,022+231
606,233,18/10/2023,16:00:50,022+236
607,233,18/10/2023,16:00:50,022+241
608,233,18/10/2023,16:00:50,022+241
609,233,18/10/2023,16:00:50,022+246
610,233,18/10/2023,16:00:51,022+251
611,233,18/10/2023,16:00:51,022+256
612,233,18/10/2023,16:00:51,022+256
613,233,18/10/2023,16:00:51,022+261
614,234,18/10/2023,16:00:51,022+266
615,234,18/10/2023,16:00:51,022+271
616,234,18/10/2023,16:00:51,022+271
617,234,18/10/2023,16:00:51,022+276
618,234,18/10/2023,16:00:51,022+281
619,234,18/10/2023,16:00:51,022+286
620,234,18/10/2023,16:00:51,022+286
621,234,18/10/2023,16:00:51,022+291
622,234,18/10/2023,16:00:51,022+296
623,234,18/10/2023,16:00:51,022+301
624,234,18/10/2023,16:00:51,022+301
625,234,18/10/2023,16:00:51,022+306
626,234,18/10/2023,16:00:51,022+311
627,234,18/10/2023,16:00:52,022+316
628,234,18/10/2023,16:00:52,022+316
629,234,18/10/2023,16:00:52,022+321
630,234,18/10/2023,16:00:52,022+326
631,234,18/10/2023,16:00:52,022+331
632,234,18/10/2023,16:00:52,022+331
633,234,18/10/2023,16:00:52,022+336
634,234,18/10/2023,16:00:52,022+341
635,235,18/10/2023,16:00:52,022+346
636,235,18/10/2023,16:00:52,022+346
637,235,18/10/2023,16:00:52,022+351
638,235,18/10/2023,16:00:52,022+356
639,235,18/10/2023,16:00:52,022+361
640,235,18/10/2023,16:00:52,022+361
641,235,18/10/2023,16:00:52,022+366
642,235,18/10/2023,16:00:52,022+371
643,235,18/10/2023,16:00:52,022+376
644,235,18/10/2023,16:00:52,022+376
645,235,18/10/2023,16:00:53,022+381
646,235,18/10/2023,16:00:53,022+386
647,235,18/10/2023,16:00:53,022+391
648,235,18/10/2023,16:00:53,022+396
649,235,18/10/2023,16:00:53,022+396
650,235,18/10/2023,16:00:53,022+401
651,235,18/10/2023,16:00:53,022+406
652,235,18/10/2023,16:00:53,022+411
653,235,18/10/2023,16:00:53,022+411
654,235,18/10/2023,16:00:53,022+416
655,235,18/10/2023,16:00:53,022+421
656,235,18/10/2023,16:00:53,022+426
657,235,18/10/2023,16:00:53,022+426
658,235,18/10/2023,16:00:53,022+431
659,235,18/10/2023,16:00:53,022+436
660,236,18/10/2023,16:00:53,022+441
661,236,18/10/2023,16:00:53,022+441
662,236,18/10/2023,16:00:54,022+446
663,236,18/10/2023,16:00:54,022+451
664,236,18/10/2023,16:00:54,022+456
665,236,18/10/2023,16:00:54,022+456
666,236,18/10/2023,16:00:54,022+461
667,236,18/10/2023,16:00:54,022+466
668,236,18/10/2023,16:00:54,022+471
669,236,18/10/2023,16:00:54,022+471
670,236,18/10/2023,16:00:54,022+476
671,236,18/10/2023,16:00:54,022+481
672,236,18/10/2023,16:00:54,022+486
673,236,18/10/2023,16:00:54,022+486
674,236,18/10/2023,16:00:54,022+491
675,236,18/10/2023,16:00:54,022+496
676,236,18/10/2023,16:00:54,022+501
677,236,18/10/2023,16:00:54,022+506
678,236,18/10/2023,16:00:54,022+506
679,236,18/10/2023,16:00:55,022+511
680,236,18/10/2023,16:00:55,022+516
681,236,18/10/2023,16:00:55,022+521
682,236,18/10/2023,16:00:55,022+521
683,236,18/10/2023,16:00:55,022+526
684,237,18/10/2023,16:00:55,022+531
685,237,18/10/2023,16:00:55,022+536
686,237,18/10/2023,16:00:55,022+536
687,237,18/10/2023,16:00:55,022+541
688,237,18/10/2023,16:00:55,022+546
689,237,18/10/2023,16:00:55,022+551
690,237,18/10/2023,16:00:55,022+556
691,237,18/10/2023,16:00:55,022+561
692,237,18/10/2023,16:00:55,022+566
693,237,18/10/2023,16:00:55,022+566
694,237,18/10/2023,16:00:55,022+571
695,237,18/10/2023,16:00:56,022+576
696,237,18/10/2023,16:00:56,022+581
697,237,18/10/2023,16:00:56,022+586
698,237,18/10/2023,16:00:56,022+586
699,237,18/10/2023,16:00:56,022+591
700,237,18/10/2023,16:00:56,022+596
701,237,18/10/2023,16:00:56,022+601
702,237,18/10/2023,16:00:56,022+601
703,237,18/10/2023,16:00:56,022+606
704,237,18/10/2023,16:00:56,022+611
705,237,18/10/2023,16:00:56,022+616
706,237,18/10/2023,16:00:56,022+616
707,237,18/10/2023,16:00:56,022+621
708,238,18/10/2023,16:00:56,022+626
709,238,18/10/2023,16:00:56,022+631
710,238,18/10/2023,16:00:56,022+636
711,238,18/10/2023,16:00:56,022+636
712,238,18/10/2023,16:00:56,022+641
713,238,18/10/2023,16:00:57,022+646
714,238,18/10/2023,16:00:57,022+651
715,238,18/10/2023,16:00:57,022+651
716,238,18/10/2023,16:00:57,022+656
717,238,18/10/2023,16:00:57,022+661
718,238,18/10/2023,16:00:57,022+666
719,238,18/10/2023,16:00:57,022+671
720,238,18/10/2023,16:00:57,022+676
721,238,18/10/2023,16:00:57,022+681
722,238,18/10/2023,16:00:57,022+681
723,238,18/10/2023,16:00:57,022+686
724,238,18/10/2023,16:00:57,022+691
725,238,18/10/2023,16:00:57,022+696
726,238,18/10/2023,16:00:57,022+701
727,238,18/10/2023,16:00:57,022+701
728,238,18/10/2023,16:00:57,022+706
729,238,18/10/2023,16:00:58,022+711
730,239,18/10/2023,16:00:58,022+716
731,239,18/10/2023,16:00:58,022+716
732,239,18/10/2023,16:00:58,022+721
733,239,18/10/2023,16:00:58,022+726
734,239,18/10/2023,16:00:58,022+731
735,239,18/10/2023,16:00:58,022+731
736,239,18/10/2023,16:00:58,022+736
737,239,18/10/2023,16:00:58,022+741
738,239,18/10/2023,16:00:58,022+746
739,239,18/10/2023,16:00:58,022+751
740,239,18/10/2023,16:00:58,022+751
741,239,18/10/2023,16:00:58,022+756
742,239,18/10/2023,16:00:58,022+761
743,239,18/10/2023,16:00:58,022+766
744,239,18/10/2023,16:00:58,022+766
745,239,18/10/2023,16:00:58,022+771
746,239,18/10/2023,16:00:59,022+776
747,239,18/10/2023,16:00:59,022+781
748,239,18/10/2023,16:00:59,022+781
749,239,18/10/2023,16:00:59,022+786
750,239,18/10/2023,16:00:59,022+791
751,240,18/10/2023,16:00:59,022+796
752,240,18/10/2023,16:00:59,022+801
753,240,18/10/2023,16:00:59,022+801
754,240,18/10/2023,16:00:59,022+806
755,240,18/10/2023,16:00:59,022+816
756,240,18/10/2023,16:00:59,022+816
757,240,18/10/2023,16:00:59,022+821
758,240,18/10/2023,16:00:59,022+826
759,240,18/10/2023,16:00:59,022+831
760,240,18/10/2023,16:00:59,022+836
761,240,18/10/2023,16:00:59,022+836
762,240,18/10/2023,16:01:00,022+841
763,240,18/10/2023,16:01:00,022+846
764,240,18/10/2023,16:01:00,022+851
765,240,18/10/2023,16:01:00,022+851
766,240,18/10/2023,16:01:00,022+856
767,240,18/10/2023,16:01:00,022+861
768,240,18/10/2023,16:01:00,022+866
769,240,18/10/2023,16:01:00,022+866
770,240,18/10/2023,16:01:00,022+871
771,241,18/10/2023,16:01:00,022+876
772,241,18/10/2023,16:01:00,022+881
773,241,18/10/2023,16:01:00,022+886
774,241,18/10/2023,16:01:00,022+886
775,241,18/10/2023,16:01:00,022+891
776,241,18/10/2023,16:01:00,022+896
777,241,18/10/2023,16:01:00,022+901
778,241,18/10/2023,16:01:00,022+906
779,241,18/10/2023,16:01:01,022+911
780,241,18/10/2023,16:01:01,022+916
781,241,18/10/2023,16:01:01,022+921
782,241,18/10/2023,16:01:01,022+921
783,241,18/10/2023,16:01:01,022+926
784,241,18/10/2023,16:01:01,022+931
785,241,18/10/2023,16:01:01,022+936
786,241,18/10/2023,16:01:01,022+936
787,241,18/10/2023,16:01:01,022+941
788,241,18/10/2023,16:01:01,022+946
789,242,18/10/2023,16:01:01,022+951
790,242,18/10/2023,16:01:01,022+956
791,242,18/10/2023,16:01:01,022+956
792,242,18/10/2023,16:01:01,022+961
793,242,18/10/2023,16:01:01,022+966
794,242,18/10/2023,16:01:01,022+971
795,242,18/10/2023,16:01:01,022+971
796,242,18/10/2023,16:01:02,022+976
797,242,18/10/2023,16:01:02,022+981
798,242,18/10/2023,16:01:02,022+986
799,242,18/10/2023,16:01:02,022+991
800,242,18/10/2023,16:01:02,022+991
801,242,18/10/2023,16:01:02,022+996
802,242,18/10/2023,16:01:02,023+001
803,242,18/10/2023,16:01:02,023+006
804,242,18/10/2023,16:01:02,023+006
805,242,18/10/2023,16:01:02,023+011
806,243,18/10/2023,16:01:02,023+016
807,243,18/10/2023,16:01:02,023+021
808,243,18/10/2023,16:01:02,023+026
809,243,18/10/2023,16:01:02,023+026
810,243,18/10/2023,16:01:02,023+031
811,243,18/10/2023,16:01:02,023+036
812,243,18/10/2023,16:01:02,023+041
813,243,18/10/2023,16:01:03,023+046
814,243,18/10/2023,16:01:03,023+046
815,243,18/10/2023,16:01:03,023+051
816,243,18/10/2023,16:01:03,023+056
817,243,18/10/2023,16:01:03,023+061
818,243,18/10/2023,16:01:03,023+061
819,243,18/10/2023,16:01:03,023+066
820,243,18/10/2023,16:01:03,023+071
821,243,18/10/2023,16:01:03,023+076
822,243,18/10/2023,16:01:03,023+081
823,243,18/10/2023,16:01:03,023+081
824,243,18/10/2023,16:01:03,023+086
825,243,18/10/2023,16:01:03,023+091
826,243,18/10/2023,16:01:03,023+096
827,244,18/10/2023,16:01:03,023+101
828,244,18/10/2023,16:01:03,023+101
829,244,18/10/2023,16:01:03,023+106
830,244,18/10/2023,16:01:04,023+111
831,244,18/10/2023,16:01:04,023+116
832,244,18/10/2023,16:01:04,023+121
833,244,18/10/2023,16:01:04,023+121
834,244,18/10/2023,16:01:04,023+126
835,244,18/10/2023,16:01:04,023+131
836,244,18/10/2023,16:01:04,023+136
837,244,18/10/2023,16:01:04,023+136
838,244,18/10/2023,16:01:04,023+141
839,244,18/10/2023,16:01:04,023+146
840,244,18/10/2023,16:01:04,023+151
841,244,18/10/2023,16:01:04,023+151
842,244,18/10/2023,16:01:04,023+156
843,244,18/10/2023,16:01:04,023+161
844,244,18/10/2023,16:01:04,023+166
845,244,18/10/2023,16:01:04,023+171
846,244,18/10/2023,16:01:04,023+176
847,244,18/10/2023,16:01:04,023+176
848,244,18/10/2023,16:01:05,023+181
849,244,18/10/2023,16:01:05,023+186
850,244,18/10/2023,16:01:05,023+191
851,244,18/10/2023,16:01:05,023+191
852,244,18/10/2023,16:01:05,023+196
853,245,18/10/2023,16:01:05,023+201
854,245,18/10/2023,16:01:05,023+206
855,245,18/10/2023,16:01:05,023+211
856,245,18/10/2023,16:01:05,023+211
857,245,18/10/2023,16:01:05,023+216
858,245,18/10/2023,16:01:05,023+221
859,245,18/10/2023,16:01:05,023+226
860,245,18/10/2023,16:01:05,023+226
861,245,18/10/2023,16:01:05,023+231
862,245,18/10/2023,16:01:05,023+236
863,245,18/10/2023,16:01:05,023+241
864,245,18/10/2023,16:01:05,023+246
865,245,18/10/2023,16:01:05,023+246
866,245,18/10/2023,16:01:06,023+251
867,245,18/10/2023,16:01:06,023+256
868,245,18/10/2023,16:01:06,023+261
869,245,18/10/2023,16:01:06,023+261
871,245,18/10/2023,16:01:06,023+276
872,245,18/10/2023,16:01:06,023+276
873,245,18/10/2023,16:01:06,023+281
874,245,18/10/2023,16:01:06,023+281
875,245,18/10/2023,16:01:06,023+286
876,245,18/10/2023,16:01:06,023+291
877,245,18/10/2023,16:01:06,023+296
878,245,18/10/2023,16:01:06,023+301
879,245,18/10/2023,16:01:06,023+301
881,245,18/10/2023,16:01:07,023+321
882,245,18/10/2023,16:01:07,023+326
883,245,18/10/2023,16:01:07,023+331
884,245,18/10/2023,16:01:07,023+336
885,245,18/10/2023,16:01:07,023+341
886,245,18/10/2023,16:01:07,023+341
887,245,18/10/2023,16:01:07,023+346
888,245,18/10/2023,16:01:07,023+351
889,245,18/10/2023,16:01:07,023+356
890,245,18/10/2023,16:01:07,023+356
891,245,18/10/2023,16:01:07,023+356
892,245,18/10/2023,16:01:07,023+371
893,245,18/10/2023,16:01:07,023+376
894,245,18/10/2023,16:01:07,023+376
895,245,18/10/2023,16:01:07,023+381
896,245,18/10/2023,16:01:08,023+386
897,245,18/10/2023,16:01:08,023+391
898,245,18/10/2023,16:01:08,023+396
899,245,18/10/2023,16:01:08,023+396
900,245,18/10/2023,16:01:08,023+401
901,246,18/10/2023,16:01:08,023+406
902,246,18/10/2023,16:01:08,023+411
903,246,18/10/2023,16:01:08,023+416
904,246,18/10/2023,16:01:08,023+416
905,246,18/10/2023,16:01:08,023+421
906,246,18/10/2023,16:01:08,023+426
907,246,18/10/2023,16:01:08,023+431
908,246,18/10/2023,16:01:08,023+431
909,246,18/10/2023,16:01:08,023+436
911,246,18/10/2023,16:01:08,023+446
912,246,18/10/2023,16:01:09,023+451
913,246,18/10/2023,16:01:09,023+456
914,246,18/10/2023,16:01:09,023+461
915,246,18/10/2023,16:01:09,023+466
916,246,18/10/2023,16:01:09,023+471
917,246,18/10/2023,16:01:09,023+471
918,246,18/10/2023,16:01:09,023+476
919,246,18/10/2023,16:01:09,023+481
921,246,18/10/2023,16:01:09,023+481
922,246,18/10/2023,16:01:09,023+496
923,246,18/10/2023,16:01:09,023+501
924,246,18/10/2023,16:01:09,023+506
925,246,18/10/2023,16:01:09,023+511
926,246,18/10/2023,16:01:09,023+511
927,246,18/10/2023,16:01:09,023+516
928,246,18/10/2023,16:01:10,023+521
929,246,18/10/2023,16:01:10,023+526
930,246,18/10/2023,16:01:10,023+526
931,246,18/10/2023,16:01:10,023+531
932,246,18/10/2023,16:01:10,023+541
933,246,18/10/2023,16:01:10,023+546
934,246,18/10/2023,16:01:10,023+546
935,246,18/10/2023,16:01:10,023+551
936,246,18/10/2023,16:01:10,023+556
938,246,18/10/2023,16:01:10,023+556
939,246,18/10/2023,16:01:10,023+571
940,247,18/10/2023,16:01:10,023+576
941,247,18/10/2023,16:01:10,023+581
942,247,18/10/2023,16:01:10,023+586
943,247,18/10/2023,16:01:10,023+586
944,247,18/10/2023,16:01:11,023+591
945,247,18/10/2023,16:01:11,023+596
946,247,18/10/2023,16:01:11,023+601
947,247,18/10/2023,16:01:11,023+601
948,247,18/10/2023,16:01:11,023+611
949,247,18/10/2023,16:01:11,023+611
950,247,18/10/2023,16:01:11,023+616
951,247,18/10/2023,16:01:11,023+621
952,247,18/10/2023,16:01:11,023+621
953,247,18/10/2023,16:01:11,023+626
954,247,18/10/2023,16:01:11,023+631
956,247,18/10/2023,16:01:11,023+641
957,247,18/10/2023,16:01:11,023+641
958,247,18/10/2023,16:01:11,023+646
959,247,18/10/2023,16:01:11,023+651
960,247,18/10/2023,16:01:11,023+656
961,247,18/10/2023,16:01:12,023+661
962,247,18/10/2023,16:01:12,023+661
963,247,18/10/2023,16:01:12,023+666
964,247,18/10/2023,16:01:12,023+671
965,247,18/10/2023,16:01:12,023+676
966,248,18/10/2023,16:01:12,023+681
967,248,18/10/2023,16:01:12,023+681
968,248,18/10/2023,16:01:12,023+686
969,248,18/10/2023,16:01:12,023+691
970,248,18/10/2023,16:01:12,023+696
971,248,18/10/2023,16:01:12,023+701
972,248,18/10/2023,16:01:12,023+701
973,248,18/10/2023,16:01:12,023+706
974,248,18/10/2023,16:01:12,023+711
975,248,18/10/2023,16:01:12,023+716
976,248,18/10/2023,16:01:12,023+721
977,248,18/10/2023,16:01:12,023+721
978,248,18/10/2023,16:01:13,023+726
979,248,18/10/2023,16:01:13,023+731
980,248,18/10/2023,16:01:13,023+736
981,248,18/10/2023,16:01:13,023+741
982,248,18/10/2023,16:01:13,023+741
983,248,18/10/2023,16:01:13,023+746
984,248,18/10/2023,16:01:13,023+751
986,249,18/10/2023,16:01:13,023+766
987,249,18/10/2023,16:01:13,023+766
988,249,18/10/2023,16:01:13,023+771
989,249,18/10/2023,16:01:13,023+776
990,249,18/10/2023,16:01:13,023+781
991,249,18/10/2023,16:01:13,023+781
992,249,18/10/2023,16:01:13,023+786
993,249,18/10/2023,16:01:13,023+791
994,249,18/10/2023,16:01:14,023+796
995,249,18/10/2023,16:01:14,023+801
996,249,18/10/2023,16:01:14,023+801
997,249,18/10/2023,16:01:14,023+811
998,249,18/10/2023,16:01:14,023+816
999,249,18/10/2023,16:01:14,023+821
1000,249,18/10/2023,16:01:14,023+826
1001,249,18/10/2023,16:01:14,023+826
1002,250,18/10/2023,16:01:14,023+831
1003,250,18/10/2023,16:01:14,023+836
1004,250,18/10/2023,16:01:14,023+841
1005,250,18/10/2023,16:01:14,023+841
1006,250,18/10/2023,16:01:14,023+846
1007,250,18/10/2023,16:01:14,023+851
1008,250,18/10/2023,16:01:14,023+856
1009,250,18/10/2023,16:01:14,023+861
1010,250,18/10/2023,16:01:14,023+861
1011,250,18/10/2023,16:01:15,023+866
1012,250,18/10/2023,16:01:15,023+871
1013,250,18/10/2023,16:01:15,023+876
1014,250,18/10/2023,16:01:15,023+881
1015,250,18/10/2023,16:01:15,023+886
1016,250,18/10/2023,16:01:15,023+886
1017,250,18/10/2023,16:01:15,023+891
1018,250,18/10/2023,16:01:15,023+896
1019,250,18/10/2023,16:01:15,023+901
1021,251,18/10/2023,16:01:15,023+911
1022,251,18/10/2023,16:01:15,023+916
1023,251,18/10/2023,16:01:15,023+921
1024,251,18/10/2023,16:01:15,023+926
1025,251,18/10/2023,16:01:15,023+926
1026,251,18/10/2023,16:01:15,023+931
1027,251,18/10/2023,16:01:16,023+936
1028,251,18/10/2023,16:01:16,023+941
1029,251,18/10/2023,16:01:16,023+946
1030,251,18/10/2023,16:01:16,023+946
1031,251,18/10/2023,16:01:16,023+951
1032,251,18/10/2023,16:01:16,023+956
1033,251,18/10/2023,16:01:16,023+961
1034,251,18/10/2023,16:01:16,023+966
1035,251,18/10/2023,16:01:16,023+966
1036,251,18/10/2023,16:01:16,023+971
1037,251,18/10/2023,16:01:16,023+976
1038,252,18/10/2023,16:01:16,023+981
1039,252,18/10/2023,16:01:16,023+986
1040,252,18/10/2023,16:01:16,023+991
1041,252,18/10/2023,16:01:16,023+991
1042,252,18/10/2023,16:01:16,023+996
1043,252,18/10/2023,16:01:16,024+001
1044,252,18/10/2023,16:01:17,024+006
1045,252,18/10/2023,16:01:17,024+011
1046,252,18/10/2023,16:01:17,024+016
1047,252,18/10/2023,16:01:17,024+021
1048,252,18/10/2023,16:01:17,024+026
1049,252,18/10/2023,16:01:17,024+026
1050,252,18/10/2023,16:01:17,024+041
1051,252,18/10/2023,16:01:17,024+046
1052,252,18/10/2023,16:01:17,024+051
1053,253,18/10/2023,16:01:17,024+056
1054,253,18/10/2023,16:01:17,024+056
1055,253,18/10/2023,16:01:17,024+061
1056,253,18/10/2023,16:01:17,024+066
1057,253,18/10/2023,16:01:17,024+071
1058,253,18/10/2023,16:01:18,024+076
1059,253,18/10/2023,16:01:18,024+081
1060,253,18/10/2023,16:01:18,024+086
1061,253,18/10/2023,16:01:18,024+086
1062,253,18/10/2023,16:01:18,024+091
1063,253,18/10/2023,16:01:18,024+096
1064,253,18/10/2023,16:01:18,024+101
1065,253,18/10/2023,16:01:18,024+101
1067,253,18/10/2023,16:01:18,024+111
1068,253,18/10/2023,16:01:18,024+116
1069,253,18/10/2023,16:01:18,024+121
1070,253,18/10/2023,16:01:18,024+126
1071,253,18/10/2023,16:01:18,024+131
1072,253,18/10/2023,16:01:18,024+136
1073,254,18/10/2023,16:01:18,024+141
1074,254,18/10/2023,16:01:18,024+141
1075,254,18/10/2023,16:01:19,024+146
1076,254,18/10/2023,16:01:19,024+151
1077,254,18/10/2023,16:01:19,024+156
1078,254,18/10/2023,16:01:19,024+161
1079,254,18/10/2023,16:01:19,024+161
1080,254,18/10/2023,16:01:19,024+166
1081,254,18/10/2023,16:01:19,024+171
1082,254,18/10/2023,16:01:19,024+176
1084,254,18/10/2023,16:01:19,024+186
1085,254,18/10/2023,16:01:19,024+186
1086,254,18/10/2023,16:01:19,024+191
1087,254,18/10/2023,16:01:19,024+196
1088,254,18/10/2023,16:01:19,024+201
1089,254,18/10/2023,16:01:19,024+206
1090,254,18/10/2023,16:01:19,024+211
1091,254,18/10/2023,16:01:19,024+211
1092,254,18/10/2023,16:01:20,024+216
1093,254,18/10/2023,16:01:20,024+221
1094,254,18/10/2023,16:01:20,024+226
1095,254,18/10/2023,16:01:20,024+231
1096,254,18/10/2023,16:01:20,024+236
1097,254,18/10/2023,16:01:20,024+236
1098,255,18/10/2023,16:01:20,024+241
1099,255,18/10/2023,16:01:20,024+246
1100,255,18/10/2023,16:01:20,024+251
1101,255,18/10/2023,16:01:20,024+256
1103,255,18/10/2023,16:01:20,024+256
1104,255,18/10/2023,16:01:20,024+256
1105,255,18/10/2023,16:01:20,024+271
1106,255,18/10/2023,16:01:20,024+276
1107,255,18/10/2023,16:01:20,024+276
1109,255,18/10/2023,16:01:20,024+286
1110,255,18/10/2023,16:01:21,024+291
1111,255,18/10/2023,16:01:21,024+296
1112,255,18/10/2023,16:01:21,024+301
1113,255,18/10/2023,16:01:21,024+306
1114,255,18/10/2023,16:01:21,024+306
1115,255,18/10/2023,16:01:21,024+311
1116,255,18/10/2023,16:01:21,024+316
1117,255,18/10/2023,16:01:21,024+321
1118,255,18/10/2023,16:01:21,024+321
1119,255,18/10/2023,16:01:21,024+326
1120,255,18/10/2023,16:01:21,024+331
1121,255,18/10/2023,16:01:21,024+336
1122,255,18/10/2023,16:01:21,024+341
1123,255,18/10/2023,16:01:21,024+346
1124,255,18/10/2023,16:01:21,024+346
1125,255,18/10/2023,16:01:21,024+351
1126,255,18/10/2023,16:01:21,024+356
1127,255,18/10/2023,16:01:22,024+361
1128,255,18/10/2023,16:01:22,024+366
1129,255,18/10/2023,16:01:22,024+366
1130,255,18/10/2023,16:01:22,024+371
1131,255,18/10/2023,16:01:22,024+376
1132,255,18/10/2023,16:01:22,024+381
1134,255,18/10/2023,16:01:22,024+381
1135,255,18/10/2023,16:01:22,024+381
1136,255,18/10/2023,16:01:22,024+401
1137,255,18/10/2023,16:01:22,024+401
1138,255,18/10/2023,16:01:22,024+406
1139,255,18/10/2023,16:01:22,024+416
1140,255,18/10/2023,16:01:22,024+416
1141,255,18/10/2023,16:01:22,024+421
1142,255,18/10/2023,16:01:22,024+426
1143,255,18/10/2023,16:01:23,024+426
1144,255,18/10/2023,16:01:23,024+426
1145,255,18/10/2023,16:01:23,024+441
1146,255,18/10/2023,16:01:23,024+446
1147,255,18/10/2023,16:01:23,024+451
1148,255,18/10/2023,16:01:23,024+456
1149,255,18/10/2023,16:01:23,024+461
1150,255,18/10/2023,16:01:23,024+461
1151,255,18/10/2023,16:01:23,024+466
1152,255,18/10/2023,16:01:23,024+471
1153,255,18/10/2023,16:01:23,024+476
1154,255,18/10/2023,16:01:23,024+481
1155,255,18/10/2023,16:01:23,024+486
1156,255,18/10/2023,16:01:23,024+486
1157,255,18/10/2023,16:01:23,024+491
1158,255,18/10/2023,16:01:23,024+496
1159,255,18/10/2023,16:01:24,024+501
1160,255,18/10/2023,16:01:24,024+506
1161,255,18/10/2023,16:01:24,024+506
1162,255,18/10/2023,16:01:24,024+511
1163,255,18/10/2023,16:01:24,024+516
1164,255,18/10/2023,16:01:24,024+521
1165,255,18/10/2023,16:01:24,024+526
1166,255,18/10/2023,16:01:24,024+526
1167,255,18/10/2023,16:01:24,024+531
1168,255,18/10/2023,16:01:24,024+536
1169,255,18/10/2023,16:01:24,024+541
1170,255,18/10/2023,16:01:24,024+546
1171,255,18/10/2023,16:01:24,024+546
1172,255,18/10/2023,16:01:24,024+551
1173,255,18/10/2023,16:01:24,024+556
1174,255,18/10/2023,16:01:24,024+556
1175,255,18/10/2023,16:01:24,024+556
1176,255,18/10/2023,16:01:25,024+571
1177,255,18/10/2023,16:01:25,024+571
1178,255,18/10/2023,16:01:25,024+576
1179,255,18/10/2023,16:01:25,024+581
1180,255,18/10/2023,16:01:25,024+586
1181,255,18/10/2023,16:01:25,024+591
1182,255,18/10/2023,16:01:25,024+591
1183,255,18/10/2023,16:01:25,024+596
1184,255,18/10/2023,16:01:25,024+601
1185,255,18/10/2023,16:01:25,024+606
1186,255,18/10/2023,16:01:25,024+611
1187,254,18/10/2023,16:01:25,024+616
1188,254,18/10/2023,16:01:25,024+621
1189,254,18/10/2023,16:01:25,024+621
1190,254,18/10/2023,16:01:25,024+626
1191,254,18/10/2023,16:01:25,024+631
1192,254,18/10/2023,16:01:25,024+636
1193,254,18/10/2023,16:01:26,024+641
1194,254,18/10/2023,16:01:26,024+641
1195,254,18/10/2023,16:01:26,024+646
1196,254,18/10/2023,16:01:26,024+651
1197,254,18/10/2023,16:01:26,024+656
1198,254,18/10/2023,16:01:26,024+661
1199,254,18/10/2023,16:01:26,024+666
1200,254,18/10/2023,16:01:26,024+671
1201,254,18/10/2023,16:01:26,024+676
1202,254,18/10/2023,16:01:26,024+681
1203,254,18/10/2023,16:01:26,024+681
1204,254,18/10/2023,16:01:26,024+686
1205,254,18/10/2023,16:01:26,024+706
1206,254,18/10/2023,16:01:27,024+711
1207,254,18/10/2023,16:01:27,024+716
1208,254,18/10/2023,16:01:27,024+721
1209,254,18/10/2023,16:01:27,024+726
1210,254,18/10/2023,16:01:27,024+731
1211,254,18/10/2023,16:01:27,024+731
1212,254,18/10/2023,16:01:27,024+736
1213,254,18/10/2023,16:01:27,024+741
1214,254,18/10/2023,16:01:27,024+746
1215,254,18/10/2023,16:01:27,024+746
1216,254,18/10/2023,16:01:27,024+751
1217,254,18/10/2023,16:01:27,024+756
1218,254,18/10/2023,16:01:27,024+761
1219,254,18/10/2023,16:01:27,024+766
1220,254,18/10/2023,16:01:27,024+771
1221,254,18/10/2023,16:01:27,024+771
1222,254,18/10/2023,16:01:27,024+776
1223,254,18/10/2023,16:01:28,024+781
1224,254,18/10/2023,16:01:28,024+786
1225,254,18/10/2023,16:01:28,024+791
1226,254,18/10/2023,16:01:28,024+791
1227,254,18/10/2023,16:01:28,024+796
1228,254,18/10/2023,16:01:28,024+801
1229,254,18/10/2023,16:01:28,024+806
1230,254,18/10/2023,16:01:28,024+811
1231,254,18/10/2023,16:01:28,024+811
1232,254,18/10/2023,16:01:28,024+816
1233,254,18/10/2023,16:01:28,024+821
1234,254,18/10/2023,16:01:28,024+826
1235,254,18/10/2023,16:01:28,024+831
1236,254,18/10/2023,16:01:28,024+836
1237,254,18/10/2023,16:01:28,024+836
1238,253,18/10/2023,16:01:28,024+841
1239,253,18/10/2023,16:01:28,024+846
1240,253,18/10/2023,16:01:29,024+851
1241,253,18/10/2023,16:01:29,024+856
1243,253,18/10/2023,16:01:29,024+856
1244,253,18/10/2023,16:01:29,024+856
1245,253,18/10/2023,16:01:29,024+871
1246,253,18/10/2023,16:01:29,024+876
1247,253,18/10/2023,16:01:29,024+876
1248,253,18/10/2023,16:01:29,024+881
1249,253,18/10/2023,16:01:29,024+881
1250,253,18/10/2023,16:01:29,024+881
1251,253,18/10/2023,16:01:29,024+896
1252,253,18/10/2023,16:01:29,024+901
1253,253,18/10/2023,16:01:29,024+901
1254,253,18/10/2023,16:01:29,024+906
1255,253,18/10/2023,16:01:29,024+911
1256,253,18/10/2023,16:01:29,024+916
1257,253,18/10/2023,16:01:29,024+921
1258,253,18/10/2023,16:01:29,024+921
1259,253,18/10/2023,16:01:30,024+926
1260,253,18/10/2023,16:01:30,024+931
1261,253,18/10/2023,16:01:30,024+936
1262,253,18/10/2023,16:01:30,024+941
1263,253,18/10/2023,16:01:30,024+941
1264,253,18/10/2023,16:01:30,024+946
1265,253,18/10/2023,16:01:30,024+951
1266,253,18/10/2023,16:01:30,024+956
1267,253,18/10/2023,16:01:30,024+961
1268,253,18/10/2023,16:01:30,024+966
1269,253,18/10/2023,16:01:30,024+971
1270,253,18/10/2023,16:01:30,024+971
1271,253,18/10/2023,16:01:30,024+976
1272,253,18/10/2023,16:01:30,024+981
1273,253,18/10/2023,16:01:30,024+986
1274,253,18/10/2023,16:01:30,024+991
1275,253,18/10/2023,16:01:31,024+996
1276,253,18/10/2023,16:01:31,024+996
1277,253,18/10/2023,16:01:31,025+001
1278,253,18/10/2023,16:01:31,025+006
1279,253,18/10/2023,16:01:31,025+011
1280,253,18/10/2023,16:01:31,025+016
1281,253,18/10/2023,16:01:31,025+016
1282,253,18/10/2023,16:01:31,025+021
1283,253,18/10/2023,16:01:31,025+026
1284,253,18/10/2023,16:01:31,025+031
1285,253,18/10/2023,16:01:31,025+031
1286,253,18/10/2023,16:01:31,025+036
1287,253,18/10/2023,16:01:31,025+041
1288,253,18/10/2023,16:01:31,025+046
1289,253,18/10/2023,16:01:31,025+051
1290,253,18/10/2023,16:01:31,025+051
1291,253,18/10/2023,16:01:31,025+056
1292,253,18/10/2023,16:01:31,025+061
1293,253,18/10/2023,16:01:32,025+066
1294,253,18/10/2023,16:01:32,025+071
1295,253,18/10/2023,16:01:32,025+076
1296,253,18/10/2023,16:01:32,025+076
1297,253,18/10/2023,16:01:32,025+081
1298,253,18/10/2023,16:01:32,025+086
1299,253,18/10/2023,16:01:32,025+091
1300,253,18/10/2023,16:01:32,025+096
1301,253,18/10/2023,16:01:32,025+096
1302,253,18/10/2023,16:01:32,025+101
1303,253,18/10/2023,16:01:32,025+106
1304,253,18/10/2023,16:01:32,025+111
1305,253,18/10/2023,16:01:32,025+116
1306,253,18/10/2023,16:01:32,025+116
1307,253,18/10/2023,16:01:32,025+121
1308,252,18/10/2023,16:01:32,025+126
1309,252,18/10/2023,16:01:32,025+131
1310,252,18/10/2023,16:01:33,025+136
1311,252,18/10/2023,16:01:33,025+141
1312,252,18/10/2023,16:01:33,025+141
1313,252,18/10/2023,16:01:33,025+146
1314,252,18/10/2023,16:01:33,025+151
1315,252,18/10/2023,16:01:33,025+156
1316,252,18/10/2023,16:01:33,025+156
1318,252,18/10/2023,16:01:33,025+171
1319,252,18/10/2023,16:01:33,025+176
1320,252,18/10/2023,16:01:33,025+181
1321,252,18/10/2023,16:01:33,025+186
1322,252,18/10/2023,16:01:33,025+191
1323,252,18/10/2023,16:01:33,025+196
1324,252,18/10/2023,16:01:33,025+201
1325,252,18/10/2023,16:01:33,025+201
1326,252,18/10/2023,16:01:34,025+206
1327,252,18/10/2023,16:01:34,025+211
1328,252,18/10/2023,16:01:34,025+216
1329,252,18/10/2023,16:01:34,025+221
1330,252,18/10/2023,16:01:34,025+221
1331,252,18/10/2023,16:01:34,025+221
1332,252,18/10/2023,16:01:34,025+221
1333,252,18/10/2023,16:01:34,025+236
1334,252,18/10/2023,16:01:34,025+241
1335,252,18/10/2023,16:01:34,025+241
1336,252,18/10/2023,16:01:34,025+246
1337,252,18/10/2023,16:01:34,025+251
1338,252,18/10/2023,16:01:34,025+256
1339,252,18/10/2023,16:01:34,025+261
1340,252,18/10/2023,16:01:34,025+266
1341,252,18/10/2023,16:01:34,025+266
1342,252,18/10/2023,16:01:34,025+271
1343,252,18/10/2023,16:01:35,025+276
1344,252,18/10/2023,16:01:35,025+281
1345,252,18/10/2023,16:01:35,025+286
1346,252,18/10/2023,16:01:35,025+291
1347,252,18/10/2023,16:01:35,025+296
1348,252,18/10/2023,16:01:35,025+296
1349,252,18/10/2023,16:01:35,025+301
1350,252,18/10/2023,16:01:35,025+306
1351,252,18/10/2023,16:01:35,025+306
1352,252,18/10/2023,16:01:35,025+316
1353,252,18/10/2023,16:01:35,025+316
1354,252,18/10/2023,16:01:35,025+321
1355,252,18/10/2023,16:01:35,025+326
1356,252,18/10/2023,16:01:35,025+331
1357,251,18/10/2023,16:01:35,025+336
1358,251,18/10/2023,16:01:36,025+341
1359,251,18/10/2023,16:01:36,025+346
1360,251,18/10/2023,16:01:36,025+351
1361,251,18/10/2023,16:01:36,025+351
1362,251,18/10/2023,16:01:36,025+351
1364,251,18/10/2023,16:01:36,025+371
1365,251,18/10/2023,16:01:36,025+371
1366,251,18/10/2023,16:01:36,025+376
1367,251,18/10/2023,16:01:36,025+381
1368,251,18/10/2023,16:01:36,025+386
1369,251,18/10/2023,16:01:36,025+391
1370,251,18/10/2023,16:01:36,025+396
1371,251,18/10/2023,16:01:36,025+396
1372,251,18/10/2023,16:01:36,025+401
1373,251,18/10/2023,16:01:36,025+406
1374,251,18/10/2023,16:01:37,025+416
1375,251,18/10/2023,16:01:37,025+416
1376,251,18/10/2023,16:01:37,025+421
1377,251,18/10/2023,16:01:37,025+426
1378,251,18/10/2023,16:01:37,025+426
1379,251,18/10/2023,16:01:37,025+426
1381,251,18/10/2023,16:01:37,025+441
1382,251,18/10/2023,16:01:37,025+446
1383,251,18/10/2023,16:01:37,025+451
1384,251,18/10/2023,16:01:37,025+451
1385,251,18/10/2023,16:01:37,025+451
1386,251,18/10/2023,16:01:37,025+451
1387,251,18/10/2023,16:01:37,025+466
1388,251,18/10/2023,16:01:37,025+471
1389,251,18/10/2023,16:01:37,025+471
1390,251,18/10/2023,16:01:37,025+476
1391,251,18/10/2023,16:01:38,025+481
1392,251,18/10/2023,16:01:38,025+486
1393,251,18/10/2023,16:01:38,025+486
1394,251,18/10/2023,16:01:38,025+486
1395,251,18/10/2023,16:01:38,025+486
1396,251,18/10/2023,16:01:38,025+501
1398,251,18/10/2023,16:01:38,025+516
1399,251,18/10/2023,16:01:38,025+516
1400,251,18/10/2023,16:01:38,025+521
1401,251,18/10/2023,16:01:38,025+526
1402,250,18/10/2023,16:01:38,025+531
1403,250,18/10/2023,16:01:38,025+536
1404,250,18/10/2023,16:01:38,025+541
1405,250,18/10/2023,16:01:38,025+541
1406,250,18/10/2023,16:01:38,025+546
1407,250,18/10/2023,16:01:39,025+551
1408,250,18/10/2023,16:01:39,025+556
1409,250,18/10/2023,16:01:39,025+561
1410,250,18/10/2023,16:01:39,025+561
1411,250,18/10/2023,16:01:39,025+566
1412,250,18/10/2023,16:01:39,025+571
1413,250,18/10/2023,16:01:39,025+576
1414,250,18/10/2023,16:01:39,025+576
1416,250,18/10/2023,16:01:39,025+591
1417,250,18/10/2023,16:01:39,025+596
1418,250,18/10/2023,16:01:39,025+596
1419,250,18/10/2023,16:01:39,025+601
1420,250,18/10/2023,16:01:39,025+611
1422,250,18/10/2023,16:01:40,025+611
1423,250,18/10/2023,16:01:40,025+611
1424,250,18/10/2023,16:01:40,025+626
1425,250,18/10/2023,16:01:40,025+631
1426,250,18/10/2023,16:01:40,025+636
1427,250,18/10/2023,16:01:40,025+641
1428,250,18/10/2023,16:01:40,025+641
1429,250,18/10/2023,16:01:40,025+646
1430,250,18/10/2023,16:01:40,025+651
1431,250,18/10/2023,16:01:40,025+656
1432,250,18/10/2023,16:01:40,025+656
1433,250,18/10/2023,16:01:40,025+656
1434,250,18/10/2023,16:01:40,025+656
1435,250,18/10/2023,16:01:40,025+671
1436,250,18/10/2023,16:01:40,025+671
1437,250,18/10/2023,16:01:40,025+681
1438,250,18/10/2023,16:01:40,025+686
1439,250,18/10/2023,16:01:40,025+686
1440,250,18/10/2023,16:01:41,025+691
1441,250,18/10/2023,16:01:41,025+691
1442,250,18/10/2023,16:01:41,025+696
1443,250,18/10/2023,16:01:41,025+701
1444,250,18/10/2023,16:01:41,025+706
1445,250,18/10/2023,16:01:41,025+716
1447,250,18/10/2023,16:01:41,025+716
1448,250,18/10/2023,16:01:41,025+716
1449,250,18/10/2023,16:01:41,025+731
1450,250,18/10/2023,16:01:41,025+741
1451,250,18/10/2023,16:01:41,025+741
1452,250,18/10/2023,16:01:41,025+746
1453,250,18/10/2023,16:01:41,025+751
1454,250,18/10/2023,16:01:41,025+751
1455,249,18/10/2023,16:01:42,025+751
1456,249,18/10/2023,16:01:42,025+766
1457,249,18/10/2023,16:01:42,025+766
1458,249,18/10/2023,16:01:42,025+771
1459,249,18/10/2023,16:01:42,025+771
1460,249,18/10/2023,16:01:42,025+781
1462,249,18/10/2023,16:01:42,025+786
1463,249,18/10/2023,16:01:42,025+791
1464,249,18/10/2023,16:01:42,025+791
1465,249,18/10/2023,16:01:42,025+801
1466,249,18/10/2023,16:01:42,025+806
1467,249,18/10/2023,16:01:42,025+811
1468,249,18/10/2023,16:01:42,025+811
1469,249,18/10/2023,16:01:42,025+816
1470,249,18/10/2023,16:01:42,025+816
1471,249,18/10/2023,16:01:42,025+816
1472,249,18/10/2023,16:01:43,025+816
1473,249,18/10/2023,16:01:43,025+816
1474,249,18/10/2023,16:01:43,025+816
1475,249,18/10/2023,16:01:43,025+841
1476,249,18/10/2023,16:01:43,025+846
1477,249,18/10/2023,16:01:43,025+851
1478,249,18/10/2023,16:01:43,025+856
1480,249,18/10/2023,16:01:43,025+856
1481,249,18/10/2023,16:01:43,025+856
1482,249,18/10/2023,16:01:43,025+871
1483,249,18/10/2023,16:01:43,025+876
1485,249,18/10/2023,16:01:43,025+886
1486,249,18/10/2023,16:01:43,025+886
1487,249,18/10/2023,16:01:43,025+891
1488,249,18/10/2023,16:01:44,025+896
1489,249,18/10/2023,16:01:44,025+901
1490,249,18/10/2023,16:01:44,025+901
1492,249,18/10/2023,16:01:44,025+916
1493,249,18/10/2023,16:01:44,025+921
1494,249,18/10/2023,16:01:44,025+926
1496,249,18/10/2023,16:01:44,025+926
1497,249,18/10/2023,16:01:44,025+926
1498,249,18/10/2023,16:01:44,025+941
1499,249,18/10/2023,16:01:44,025+946
1500,249,18/10/2023,16:01:44,025+951
1501,249,18/10/2023,16:01:44,025+956
1502,249,18/10/2023,16:01:44,025+961
1503,249,18/10/2023,16:01:44,025+961
1504,249,18/10/2023,16:01:45,025+966
1505,249,18/10/2023,16:01:45,025+971
1506,249,18/10/2023,16:01:45,025+976
1507,249,18/10/2023,16:01:45,025+976
1508,248,18/10/2023,16:01:45,025+981
1509,248,18/10/2023,16:01:45,025+986
1510,248,18/10/2023,16:01:45,025+991
1511,248,18/10/2023,16:01:45,025+996
1512,248,18/10/2023,16:01:45,025+996
1513,248,18/10/2023,16:01:45,026+006
1514,248,18/10/2023,16:01:45,026+006
1515,248,18/10/2023,16:01:45,026+011
1516,248,18/10/2023,16:01:45,026+016
1517,248,18/10/2023,16:01:45,026+021
1518,248,18/10/2023,16:01:45,026+021
1519,248,18/10/2023,16:01:45,026+021
1520,248,18/10/2023,16:01:45,026+021
1521,248,18/10/2023,16:01:45,026+021
1522,248,18/10/2023,16:01:46,026+036
1523,248,18/10/2023,16:01:46,026+041
1524,248,18/10/2023,16:01:46,026+046
1525,248,18/10/2023,16:01:46,026+051
1526,248,18/10/2023,16:01:46,026+056
1527,248,18/10/2023,16:01:46,026+061
1528,248,18/10/2023,16:01:46,026+071
1529,248,18/10/2023,16:01:46,026+076
1530,248,18/10/2023,16:01:46,026+076
1531,248,18/10/2023,16:01:46,026+081
1532,248,18/10/2023,16:01:46,026+086
1533,248,18/10/2023,16:01:46,026+091
1534,248,18/10/2023,16:01:46,026+091
1535,248,18/10/2023,16:01:46,026+096
1537,248,18/10/2023,16:01:47,026+106
1538,248,18/10/2023,16:01:47,026+106
1539,248,18/10/2023,16:01:47,026+111
1540,248,18/10/2023,16:01:47,026+116
1541,248,18/10/2023,16:01:47,026+121
1543,248,18/10/2023,16:01:47,026+121
1544,248,18/10/2023,16:01:47,026+121
1546,248,18/10/2023,16:01:47,026+141
1547,248,18/10/2023,16:01:47,026+146
1548,248,18/10/2023,16:01:47,026+151
1549,248,18/10/2023,16:01:47,026+151
1551,248,18/10/2023,16:01:47,026+166
1552,248,18/10/2023,16:01:47,026+166
1553,248,18/10/2023,16:01:48,026+171
1554,248,18/10/2023,16:01:48,026+176
1555,248,18/10/2023,16:01:48,026+186
1556,248,18/10/2023,16:01:48,026+191
1557,248,18/10/2023,16:01:48,026+191
1558,248,18/10/2023,16:01:48,026+196
1559,247,18/10/2023,16:01:48,026+201
1560,247,18/10/2023,16:01:48,026+206
1561,247,18/10/2023,16:01:48,026+211
1562,247,18/10/2023,16:01:48,026+211
1563,247,18/10/2023,16:01:48,026+216
1564,247,18/10/2023,16:01:48,026+221
1565,247,18/10/2023,16:01:48,026+226
1566,247,18/10/2023,16:01:48,026+226
1567,247,18/10/2023,16:01:48,026+231
1568,247,18/10/2023,16:01:48,026+236
1569,247,18/10/2023,16:01:49,026+241
1570,247,18/10/2023,16:01:49,026+246
1571,247,18/10/2023,16:01:49,026+246
1573,247,18/10/2023,16:01:49,026+256
1574,247,18/10/2023,16:01:49,026+261
1575,247,18/10/2023,16:01:49,026+261
1576,247,18/10/2023,16:01:49,026+266
1577,247,18/10/2023,16:01:49,026+271
1578,247,18/10/2023,16:01:49,026+276
1579,247,18/10/2023,16:01:49,026+281
1580,247,18/10/2023,16:01:49,026+286
1581,247,18/10/2023,16:01:49,026+286
1582,247,18/10/2023,16:01:49,026+291
1583,247,18/10/2023,16:01:49,026+296
1584,247,18/10/2023,16:01:49,026+301
1585,247,18/10/2023,16:01:49,026+306
1586,247,18/10/2023,16:01:50,026+311
1587,247,18/10/2023,16:01:50,026+311
1588,247,18/10/2023,16:01:50,026+316
1589,247,18/10/2023,16:01:50,026+321
1590,247,18/10/2023,16:01:50,026+326
1591,247,18/10/2023,16:01:50,026+331
1592,247,18/10/2023,16:01:50,026+336
1593,247,18/10/2023,16:01:50,026+341
1595,247,18/10/2023,16:01:50,026+346
1597,247,18/10/2023,16:01:50,026+356
1598,247,18/10/2023,16:01:50,026+361
1599,247,18/10/2023,16:01:50,026+361
1600,247,18/10/2023,16:01:50,026+366
1601,247,18/10/2023,16:01:50,026+376
1603,247,18/10/2023,16:01:51,026+381
1604,247,18/10/2023,16:01:51,026+381
1605,247,18/10/2023,16:01:51,026+386
1606,247,18/10/2023,16:01:51,026+391
1607,247,18/10/2023,16:01:51,026+396
1608,247,18/10/2023,16:01:51,026+401
1609,247,18/10/2023,16:01:51,026+406
1610,247,18/10/2023,16:01:51,026+406
1611,247,18/10/2023,16:01:51,026+411
1612,247,18/10/2023,16:01:51,026+416
1613,247,18/10/2023,16:01:51,026+421
1614,247,18/10/2023,16:01:51,026+426
1615,247,18/10/2023,16:01:51,026+431
1616,247,18/10/2023,16:01:51,026+431
1617,246,18/10/2023,16:01:51,026+436
1618,246,18/10/2023,16:01:52,026+446
1619,246,18/10/2023,16:01:52,026+451
1620,246,18/10/2023,16:01:52,026+451
1621,246,18/10/2023,16:01:52,026+456
1622,246,18/10/2023,16:01:52,026+461
1623,246,18/10/2023,16:01:52,026+466
1624,246,18/10/2023,16:01:52,026+471
1625,246,18/10/2023,16:01:52,026+471
1626,246,18/10/2023,16:01:52,026+476
1627,246,18/10/2023,16:01:52,026+481
1628,246,18/10/2023,16:01:52,026+486
1629,246,18/10/2023,16:01:52,026+491
1630,246,18/10/2023,16:01:52,026+491
1631,246,18/10/2023,16:01:52,026+496
1632,246,18/10/2023,16:01:52,026+501
1633,246,18/10/2023,16:01:52,026+506
1634,246,18/10/2023,16:01:52,026+506
1635,246,18/10/2023,16:01:53,026+516
1636,246,18/10/2023,16:01:53,026+521
1637,246,18/10/2023,16:01:53,026+526
1638,246,18/10/2023,16:01:53,026+531
1639,246,18/10/2023,16:01:53,026+531
1640,246,18/10/2023,16:01:53,026+536
1641,246,18/10/2023,16:01:53,026+541
1643,246,18/10/2023,16:01:53,026+551
1644,246,18/10/2023,16:01:53,026+551
1645,246,18/10/2023,16:01:53,026+556
1646,246,18/10/2023,16:01:53,026+561
1647,246,18/10/2023,16:01:53,026+566
1648,246,18/10/2023,16:01:53,026+566
1649,246,18/10/2023,16:01:53,026+571
1650,246,18/10/2023,16:01:53,026+576
1651,246,18/10/2023,16:01:53,026+581
1652,246,18/10/2023,16:01:54,026+586
1653,246,18/10/2023,16:01:54,026+586
1654,246,18/10/2023,16:01:54,026+591
1655,246,18/10/2023,16:01:54,026+596
1656,246,18/10/2023,16:01:54,026+601
1657,246,18/10/2023,16:01:54,026+601
1658,246,18/10/2023,16:01:54,026+606
1659,246,18/10/2023,16:01:54,026+611
1661,246,18/10/2023,16:01:54,026+611
1662,246,18/10/2023,16:01:54,026+611
1663,246,18/10/2023,16:01:54,026+611
1664,246,18/10/2023,16:01:54,026+636
1666,246,18/10/2023,16:01:54,026+646
1667,246,18/10/2023,16:01:54,026+646
1668,246,18/10/2023,16:01:55,026+651
1669,246,18/10/2023,16:01:55,026+656
1670,246,18/10/2023,16:01:55,026+671
1671,246,18/10/2023,16:01:55,026+676
1672,246,18/10/2023,16:01:55,026+676
1673,246,18/10/2023,16:01:55,026+681
1675,245,18/10/2023,16:01:55,026+681
1677,245,18/10/2023,16:01:55,026+706
1678,245,18/10/2023,16:01:55,026+706
1679,245,18/10/2023,16:01:55,026+716
1680,245,18/10/2023,16:01:55,026+716
1681,245,18/10/2023,16:01:56,026+716
1682,245,18/10/2023,16:01:56,026+716
1683,245,18/10/2023,16:01:56,026+731
1684,245,18/10/2023,16:01:56,026+731
1686,245,18/10/2023,16:01:56,026+741
1687,245,18/10/2023,16:01:56,026+746
1688,245,18/10/2023,16:01:56,026+751
1689,245,18/10/2023,16:01:56,026+756
1691,245,18/10/2023,16:01:56,026+761
1692,245,18/10/2023,16:01:56,026+766
1693,245,18/10/2023,16:01:56,026+766
1694,245,18/10/2023,16:01:56,026+771
1695,245,18/10/2023,16:01:56,026+776
1696,245,18/10/2023,16:01:57,026+786
1697,245,18/10/2023,16:01:57,026+786
1698,245,18/10/2023,16:01:57,026+791
1700,245,18/10/2023,16:01:57,026+801
1701,245,18/10/2023,16:01:57,026+806
1702,245,18/10/2023,16:01:57,026+806
1703,245,18/10/2023,16:01:57,026+811
1704,245,18/10/2023,16:01:57,026+816
1705,245,18/10/2023,16:01:57,026+821
1706,245,18/10/2023,16:01:57,026+826
1707,245,18/10/2023,16:01:57,026+826
1708,245,18/10/2023,16:01:57,026+831
1709,244,18/10/2023,16:01:57,026+836
1710,244,18/10/2023,16:01:57,026+841
1711,244,18/10/2023,16:01:57,026+841
1712,244,18/10/2023,16:01:57,026+846
1713,244,18/10/2023,16:01:57,026+851
1714,244,18/10/2023,16:01:58,026+856
1715,244,18/10/2023,16:01:58,026+861
1716,244,18/10/2023,16:01:58,026+861
1717,244,18/10/2023,16:01:58,026+866
1718,244,18/10/2023,16:01:58,026+871
1719,244,18/10/2023,16:01:58,026+876
1721,244,18/10/2023,16:01:58,026+886
1722,244,18/10/2023,16:01:58,026+886
1723,244,18/10/2023,16:01:58,026+891
1724,244,18/10/2023,16:01:58,026+896
1725,244,18/10/2023,16:01:58,026+901
1726,244,18/10/2023,16:01:58,026+901
1728,244,18/10/2023,16:01:58,026+911
1729,244,18/10/2023,16:01:58,026+916
1730,244,18/10/2023,16:01:58,026+916
1731,244,18/10/2023,16:01:59,026+921
1732,244,18/10/2023,16:01:59,026+926
1733,244,18/10/2023,16:01:59,026+931
1734,244,18/10/2023,16:01:59,026+931
1735,244,18/10/2023,16:01:59,026+936
1736,244,18/10/2023,16:01:59,026+941
1737,243,18/10/2023,16:01:59,026+946
1738,243,18/10/2023,16:01:59,026+951
1739,243,18/10/2023,16:01:59,026+956
1740,243,18/10/2023,16:01:59,026+956
1741,243,18/10/2023,16:01:59,026+961
1742,243,18/10/2023,16:01:59,026+966
1743,243,18/10/2023,16:01:59,026+966
1744,243,18/10/2023,16:01:59,026+971
1745,243,18/10/2023,16:01:59,026+976
1746,243,18/10/2023,16:01:59,026+981
1748,243,18/10/2023,16:01:59,026+986
1749,243,18/10/2023,16:02:00,026+991
1750,243,18/10/2023,16:02:00,026+996
1751,243,18/10/2023,16:02:00,027+006
1753,243,18/10/2023,16:02:00,027+011
1754,243,18/10/2023,16:02:00,027+011
1755,243,18/10/2023,16:02:00,027+016
1756,243,18/10/2023,16:02:00,027+021
1757,243,18/10/2023,16:02:00,027+021
1758,243,18/10/2023,16:02:00,027+026
1759,243,18/10/2023,16:02:00,027+031
1760,243,18/10/2023,16:02:00,027+036
1761,243,18/10/2023,16:02:00,027+036
1762,243,18/10/2023,16:02:00,027+041
1763,242,18/10/2023,16:02:00,027+046
1764,242,18/10/2023,16:02:00,027+051
1766,242,18/10/2023,16:02:01,027+051
1767,242,18/10/2023,16:02:01,027+051
1768,242,18/10/2023,16:02:01,027+066
1769,242,18/10/2023,16:02:01,027+076
1771,242,18/10/2023,16:02:01,027+081
1772,242,18/10/2023,16:02:01,027+086
1773,242,18/10/2023,16:02:01,027+091
1774,242,18/10/2023,16:02:01,027+091
1776,242,18/10/2023,16:02:01,027+101
1777,242,18/10/2023,16:02:01,027+106
1778,242,18/10/2023,16:02:01,027+106
1779,242,18/10/2023,16:02:01,027+111
1780,242,18/10/2023,16:02:01,027+116
1781,242,18/10/2023,16:02:01,027+121
1783,242,18/10/2023,16:02:02,027+121
1784,242,18/10/2023,16:02:02,027+121
1785,242,18/10/2023,16:02:02,027+136
1786,242,18/10/2023,16:02:02,027+136
1787,242,18/10/2023,16:02:02,027+141
1788,242,18/10/2023,16:02:02,027+146
1789,242,18/10/2023,16:02:02,027+151
1790,242,18/10/2023,16:02:02,027+166
1791,242,18/10/2023,16:02:02,027+171
1792,242,18/10/2023,16:02:02,027+171
1793,242,18/10/2023,16:02:02,027+181
1794,242,18/10/2023,16:02:02,027+181
1795,242,18/10/2023,16:02:02,027+186
1796,242,18/10/2023,16:02:03,027+191
1797,242,18/10/2023,16:02:03,027+196
1799,242,18/10/2023,16:02:03,027+201
1800,242,18/10/2023,16:02:03,027+206
1801,242,18/10/2023,16:02:03,027+206
1802,242,18/10/2023,16:02:03,027+216
1804,242,18/10/2023,16:02:03,027+221
1805,242,18/10/2023,16:02:03,027+226
1806,242,18/10/2023,16:02:03,027+231
1807,242,18/10/2023,16:02:03,027+231
1808,242,18/10/2023,16:02:03,027+236
1809,242,18/10/2023,16:02:03,027+241
1810,242,18/10/2023,16:02:03,027+246
1812,242,18/10/2023,16:02:03,027+251
1813,242,18/10/2023,16:02:03,027+256
1814,242,18/10/2023,16:02:04,027+261
1815,242,18/10/2023,16:02:04,027+266
1816,242,18/10/2023,16:02:04,027+271
1817,242,18/10/2023,16:02:04,027+271
1818,242,18/10/2023,16:02:04,027+276
1819,242,18/10/2023,16:02:04,027+281
1820,242,18/10/2023,16:02:04,027+281
1821,242,18/10/2023,16:02:04,027+281
1822,242,18/10/2023,16:02:04,027+281
1823,242,18/10/2023,16:02:04,027+296
1824,242,18/10/2023,16:02:04,027+296
1825,242,18/10/2023,16:02:04,027+301
1826,242,18/10/2023,16:02:04,027+306
1827,242,18/10/2023,16:02:04,027+311
1828,242,18/10/2023,16:02:04,027+316
1829,242,18/10/2023,16:02:04,027+321
1830,242,18/10/2023,16:02:04,027+321
1831,242,18/10/2023,16:02:05,027+326
1832,242,18/10/2023,16:02:05,027+331
1833,242,18/10/2023,16:02:05,027+331
1834,243,18/10/2023,16:02:05,027+341
1835,243,18/10/2023,16:02:05,027+346
1836,243,18/10/2023,16:02:05,027+351
1837,243,18/10/2023,16:02:05,027+356
1838,243,18/10/2023,16:02:05,027+356
1839,243,18/10/2023,16:02:05,027+361
1840,243,18/10/2023,16:02:05,027+366
1841,243,18/10/2023,16:02:05,027+366
1842,243,18/10/2023,16:02:05,027+376
1843,243,18/10/2023,16:02:05,027+381
1845,243,18/10/2023,16:02:05,027+381
1846,243,18/10/2023,16:02:06,027+396
1847,243,18/10/2023,16:02:06,027+401
1848,243,18/10/2023,16:02:06,027+401
1850,244,18/10/2023,16:02:06,027+411
1851,244,18/10/2023,16:02:06,027+416
1852,244,18/10/2023,16:02:06,027+421
1853,244,18/10/2023,16:02:06,027+426
1854,244,18/10/2023,16:02:06,027+426
1855,244,18/10/2023,16:02:06,027+431
1856,244,18/10/2023,16:02:06,027+436
1857,244,18/10/2023,16:02:06,027+441
1858,244,18/10/2023,16:02:06,027+446
1859,244,18/10/2023,16:02:06,027+446
1860,244,18/10/2023,16:02:06,027+451
1861,244,18/10/2023,16:02:06,027+456
1862,244,18/10/2023,16:02:07,027+461
1863,244,18/10/2023,16:02:07,027+461
1864,244,18/10/2023,16:02:07,027+466
1865,245,18/10/2023,16:02:07,027+471
1866,245,18/10/2023,16:02:07,027+476
1867,245,18/10/2023,16:02:07,027+476
1868,245,18/10/2023,16:02:07,027+486
1869,245,18/10/2023,16:02:07,027+486
1870,245,18/10/2023,16:02:07,027+491
1871,245,18/10/2023,16:02:07,027+496
1872,245,18/10/2023,16:02:07,027+496
1873,245,18/10/2023,16:02:07,027+501
1874,245,18/10/2023,16:02:07,027+511
1875,245,18/10/2023,16:02:07,027+516
1876,245,18/10/2023,16:02:07,027+521
1877,245,18/10/2023,16:02:07,027+521
1878,245,18/10/2023,16:02:07,027+526
1879,246,18/10/2023,16:02:08,027+531
1880,246,18/10/2023,16:02:08,027+536
1881,246,18/10/2023,16:02:08,027+536
1882,246,18/10/2023,16:02:08,027+541
1883,246,18/10/2023,16:02:08,027+546
1884,246,18/10/2023,16:02:08,027+551
1885,246,18/10/2023,16:02:08,027+556
1886,246,18/10/2023,16:02:08,027+556
1887,246,18/10/2023,16:02:08,027+561
1888,246,18/10/2023,16:02:08,027+566
1889,246,18/10/2023,16:02:08,027+571
1890,246,18/10/2023,16:02:08,027+576
1891,246,18/10/2023,16:02:08,027+576
1892,246,18/10/2023,16:02:08,027+581
1893,247,18/10/2023,16:02:08,027+581
1894,247,18/10/2023,16:02:08,027+596
1895,247,18/10/2023,16:02:08,027+596
1896,247,18/10/2023,16:02:09,027+601
1897,247,18/10/2023,16:02:09,027+606
1898,247,18/10/2023,16:02:09,027+611
1899,247,18/10/2023,16:02:09,027+616
1900,247,18/10/2023,16:02:09,027+616
1901,247,18/10/2023,16:02:09,027+621
1902,247,18/10/2023,16:02:09,027+626
1903,247,18/10/2023,16:02:09,027+631
1904,247,18/10/2023,16:02:09,027+636
1905,247,18/10/2023,16:02:09,027+636
1906,247,18/10/2023,16:02:09,027+641
1907,247,18/10/2023,16:02:09,027+646
1908,247,18/10/2023,16:02:09,027+651
1909,248,18/10/2023,16:02:09,027+656
1911,248,18/10/2023,16:02:10,027+676
1913,248,18/10/2023,16:02:10,027+686
1914,248,18/10/2023,16:02:10,027+691
1915,248,18/10/2023,16:02:10,027+691
1916,248,18/10/2023,16:02:10,027+696
1917,248,18/10/2023,16:02:10,027+706
1918,248,18/10/2023,16:02:10,027+711
1919,248,18/10/2023,16:02:10,027+711
1920,249,18/10/2023,16:02:10,027+716
1921,249,18/10/2023,16:02:10,027+721
1922,249,18/10/2023,16:02:10,027+726
1923,249,18/10/2023,16:02:11,027+726
1924,249,18/10/2023,16:02:11,027+726
1925,249,18/10/2023,16:02:11,027+741
1926,249,18/10/2023,16:02:11,027+746
1927,249,18/10/2023,16:02:11,027+751
1928,249,18/10/2023,16:02:11,027+756
1929,249,18/10/2023,16:02:11,027+756
1930,249,18/10/2023,16:02:11,027+761
1931,249,18/10/2023,16:02:11,027+766
1932,249,18/10/2023,16:02:11,027+771
1933,249,18/10/2023,16:02:11,027+776
1934,249,18/10/2023,16:02:11,027+776
1935,250,18/10/2023,16:02:11,027+781
1936,250,18/10/2023,16:02:11,027+786
1937,250,18/10/2023,16:02:11,027+791
1938,250,18/10/2023,16:02:11,027+791
1939,250,18/10/2023,16:02:11,027+801
1940,250,18/10/2023,16:02:12,027+806
1941,250,18/10/2023,16:02:12,027+806
1942,250,18/10/2023,16:02:12,027+811
1943,250,18/10/2023,16:02:12,027+816
1944,250,18/10/2023,16:02:12,027+816
1945,250,18/10/2023,16:02:12,027+821
1946,250,18/10/2023,16:02:12,027+826
1947,250,18/10/2023,16:02:12,027+831
1948,250,18/10/2023,16:02:12,027+836
1949,250,18/10/2023,16:02:12,027+836
1950,250,18/10/2023,16:02:12,027+841
1951,250,18/10/2023,16:02:12,027+846
1953,251,18/10/2023,16:02:12,027+856
1954,251,18/10/2023,16:02:12,027+856
1955,251,18/10/2023,16:02:12,027+856
1956,251,18/10/2023,16:02:12,027+856
1957,251,18/10/2023,16:02:12,027+871
1958,251,18/10/2023,16:02:13,027+876
1959,251,18/10/2023,16:02:13,027+881
1960,251,18/10/2023,16:02:13,027+881
1961,251,18/10/2023,16:02:13,027+886
1962,251,18/10/2023,16:02:13,027+891
1963,251,18/10/2023,16:02:13,027+896
1964,251,18/10/2023,16:02:13,027+896
1965,251,18/10/2023,16:02:13,027+921
1966,251,18/10/2023,16:02:13,027+926
1967,251,18/10/2023,16:02:13,027+931
1968,251,18/10/2023,16:02:13,027+936
1969,251,18/10/2023,16:02:13,027+941
1970,252,18/10/2023,16:02:14,027+946
1971,252,18/10/2023,16:02:14,027+946
1972,252,18/10/2023,16:02:14,027+951
1973,252,18/10/2023,16:02:14,027+956
1974,252,18/10/2023,16:02:14,027+961
1975,252,18/10/2023,16:02:14,027+966
1976,252,18/10/2023,16:02:14,027+966
1977,252,18/10/2023,16:02:14,027+971
1978,252,18/10/2023,16:02:14,027+976
1979,252,18/10/2023,16:02:14,027+981
1980,252,18/10/2023,16:02:14,027+986
1981,252,18/10/2023,16:02:14,027+986
1982,252,18/10/2023,16:02:14,027+991
1983,252,18/10/2023,16:02:14,027+996
1984,252,18/10/2023,16:02:14,028+001
1985,252,18/10/2023,16:02:14,028+006
1986,252,18/10/2023,16:02:14,028+006
1987,252,18/10/2023,16:02:14,028+011
1988,252,18/10/2023,16:02:15,028+016
1989,252,18/10/2023,16:02:15,028+021
1990,252,18/10/2023,16:02:15,028+026
1991,252,18/10/2023,16:02:15,028+031
1992,252,18/10/2023,16:02:15,028+031
1993,252,18/10/2023,16:02:15,028+036
1994,252,18/10/2023,16:02:15,028+041
1995,253,18/10/2023,16:02:15,028+046
1996,253,18/10/2023,16:02:15,028+046
1997,253,18/10/2023,16:02:15,028+051
1998,253,18/10/2023,16:02:15,028+056
1999,253,18/10/2023,16:02:15,028+061
2000,253,18/10/2023,16:02:15,028+066
2001,253,18/10/2023,16:02:15,028+071
2002,253,18/10/2023,16:02:15,028+071
2004,253,18/10/2023,16:02:16,028+086
2005,253,18/10/2023,16:02:16,028+091
2006,253,18/10/2023,16:02:16,028+091
2007,253,18/10/2023,16:02:16,028+096
2008,253,18/10/2023,16:02:16,028+101
2009,253,18/10/2023,16:02:16,028+106
2010,253,18/10/2023,16:02:16,028+111
2011,253,18/10/2023,16:02:16,028+116
2012,253,18/10/2023,16:02:16,028+116
2013,253,18/10/2023,16:02:16,028+121
2014,253,18/10/2023,16:02:16,028+126
2015,253,18/10/2023,16:02:16,028+131
2016,253,18/10/2023,16:02:16,028+136
2017,253,18/10/2023,16:02:16,028+136
2018,253,18/10/2023,16:02:16,028+141
2019,253,18/10/2023,16:02:16,028+146
2020,254,18/10/2023,16:02:16,028+151
2021,254,18/10/2023,16:02:17,028+156
2022,254,18/10/2023,16:02:17,028+161
2023,254,18/10/2023,16:02:17,028+166
2024,254,18/10/2023,16:02:17,028+166
2025,254,18/10/2023,16:02:17,028+171
2026,254,18/10/2023,16:02:17,028+176
2027,254,18/10/2023,16:02:17,028+181
2028,254,18/10/2023,16:02:17,028+181
2029,254,18/10/2023,16:02:17,028+181
2030,254,18/10/2023,16:02:17,028+181
2031,254,18/10/2023,16:02:17,028+196
2032,254,18/10/2023,16:02:17,028+201
2033,254,18/10/2023,16:02:17,028+206
2034,254,18/10/2023,16:02:17,028+211
2035,254,18/10/2023,16:02:17,028+211
2036,254,18/10/2023,16:02:17,028+216
2037,254,18/10/2023,16:02:17,028+221
2038,254,18/10/2023,16:02:18,028+226
2039,254,18/10/2023,16:02:18,028+226
2040,254,18/10/2023,16:02:18,028+231
2041,254,18/10/2023,16:02:18,028+236
2042,254,18/10/2023,16:02:18,028+241
2043,254,18/10/2023,16:02:18,028+246
2044,254,18/10/2023,16:02:18,028+251
2045,254,18/10/2023,16:02:18,028+251
2046,255,18/10/2023,16:02:18,028+256
2047,255,18/10/2023,16:02:18,028+261
2048,255,18/10/2023,16:02:18,028+266
2049,255,18/10/2023,16:02:18,028+271
2050,255,18/10/2023,16:02:18,028+271
2052,255,18/10/2023,16:02:18,028+281
2053,255,18/10/2023,16:02:18,028+286
2054,255,18/10/2023,16:02:18,028+291
2055,255,18/10/2023,16:02:19,028+296
2056,255,18/10/2023,16:02:19,028+296
2057,255,18/10/2023,16:02:19,028+301
2058,255,18/10/2023,16:02:19,028+306
2059,255,18/10/2023,16:02:19,028+311
2060,255,18/10/2023,16:02:19,028+316
2061,255,18/10/2023,16:02:19,028+316
2062,255,18/10/2023,16:02:19,028+321
2063,255,18/10/2023,16:02:19,028+321
2064,255,18/10/2023,16:02:19,028+336
2065,255,18/10/2023,16:02:19,028+341
2066,255,18/10/2023,16:02:19,028+341
2067,255,18/10/2023,16:02:19,028+346
2068,255,18/10/2023,16:02:19,028+351
2069,255,18/10/2023,16:02:19,028+356
2070,256,18/10/2023,16:02:19,028+361
2071,256,18/10/2023,16:02:19,028+366
2072,256,18/10/2023,16:02:19,028+366
2073,256,18/10/2023,16:02:20,028+371
2074,256,18/10/2023,16:02:20,028+376
2075,256,18/10/2023,16:02:20,028+381
2076,256,18/10/2023,16:02:20,028+386
2077,256,18/10/2023,16:02:20,028+391
2078,256,18/10/2023,16:02:20,028+396
2079,256,18/10/2023,16:02:20,028+396
2080,256,18/10/2023,16:02:20,028+416
2081,256,18/10/2023,16:02:20,028+416
2082,256,18/10/2023,16:02:20,028+421
2083,256,18/10/2023,16:02:20,028+426
2084,256,18/10/2023,16:02:20,028+431
2085,256,18/10/2023,16:02:21,028+431
2086,256,18/10/2023,16:02:21,028+431
2087,256,18/10/2023,16:02:21,028+456
2088,256,18/10/2023,16:02:21,028+461
2089,256,18/10/2023,16:02:21,028+466
2090,257,18/10/2023,16:02:21,028+471
2091,257,18/10/2023,16:02:21,028+471
2092,257,18/10/2023,16:02:21,028+476
2093,257,18/10/2023,16:02:21,028+481
2094,257,18/10/2023,16:02:21,028+481
2095,257,18/10/2023,16:02:21,028+486
2096,257,18/10/2023,16:02:21,028+491
2097,257,18/10/2023,16:02:21,028+496
2098,257,18/10/2023,16:02:21,028+501
2099,257,18/10/2023,16:02:21,028+506
2100,257,18/10/2023,16:02:22,028+521
2101,257,18/10/2023,16:02:22,028+526
2102,257,18/10/2023,16:02:22,028+531
2103,257,18/10/2023,16:02:22,028+531
2104,257,18/10/2023,16:02:22,028+536
2105,257,18/10/2023,16:02:22,028+541
2106,257,18/10/2023,16:02:22,028+546
2107,257,18/10/2023,16:02:22,028+551
2108,257,18/10/2023,16:02:22,028+556
2109,257,18/10/2023,16:02:22,028+556
2110,257,18/10/2023,16:02:22,028+561
2111,257,18/10/2023,16:02:22,028+566
2112,257,18/10/2023,16:02:22,028+571
2113,257,18/10/2023,16:02:22,028+576
2114,257,18/10/2023,16:02:22,028+576
2115,257,18/10/2023,16:02:22,028+581
2116,258,18/10/2023,16:02:23,028+586
2117,258,18/10/2023,16:02:23,028+591
2118,258,18/10/2023,16:02:23,028+596
2119,258,18/10/2023,16:02:23,028+601
2120,258,18/10/2023,16:02:23,028+601
2121,258,18/10/2023,16:02:23,028+611
2122,258,18/10/2023,16:02:23,028+611
2123,258,18/10/2023,16:02:23,028+616
2124,258,18/10/2023,16:02:23,028+621
2125,258,18/10/2023,16:02:23,028+626
2126,258,18/10/2023,16:02:23,028+626
2127,258,18/10/2023,16:02:23,028+631
2128,258,18/10/2023,16:02:23,028+636
2130,258,18/10/2023,16:02:23,028+646
2131,258,18/10/2023,16:02:23,028+651
2132,258,18/10/2023,16:02:24,028+656
2133,258,18/10/2023,16:02:24,028+656
2134,258,18/10/2023,16:02:24,028+661
2135,258,18/10/2023,16:02:24,028+666
2136,258,18/10/2023,16:02:24,028+671
2137,258,18/10/2023,16:02:24,028+676
2138,258,18/10/2023,16:02:24,028+676
2139,258,18/10/2023,16:02:24,028+681
2140,258,18/10/2023,16:02:24,028+686
2141,258,18/10/2023,16:02:24,028+691
2142,258,18/10/2023,16:02:24,028+696
2143,258,18/10/2023,16:02:24,028+696
2144,259,18/10/2023,16:02:24,028+701
2145,259,18/10/2023,16:02:24,028+706
2146,259,18/10/2023,16:02:24,028+711
2147,259,18/10/2023,16:02:24,028+716
2148,259,18/10/2023,16:02:24,028+721
2149,259,18/10/2023,16:02:25,028+726
2150,259,18/10/2023,16:02:25,028+726
2151,259,18/10/2023,16:02:25,028+731
2152,259,18/10/2023,16:02:25,028+736
2154,259,18/10/2023,16:02:25,028+746
2155,259,18/10/2023,16:02:25,028+751
2156,259,18/10/2023,16:02:25,028+756
2157,259,18/10/2023,16:02:25,028+756
2158,259,18/10/2023,16:02:25,028+761
2159,259,18/10/2023,16:02:25,028+766
2160,259,18/10/2023,16:02:25,028+771
2161,259,18/10/2023,16:02:25,028+776
2162,259,18/10/2023,16:02:25,028+781
2163,259,18/10/2023,16:02:25,028+781
2164,259,18/10/2023,16:02:25,028+786
2165,259,18/10/2023,16:02:25,028+791
2166,259,18/10/2023,16:02:25,028+796
2167,259,18/10/2023,16:02:26,028+801
2168,259,18/10/2023,16:02:26,028+806
2169,259,18/10/2023,16:02:26,028+806
2170,259,18/10/2023,16:02:26,028+811
2171,259,18/10/2023,16:02:26,028+816
2173,259,18/10/2023,16:02:26,028+816
2174,259,18/10/2023,16:02:26,028+816
2175,259,18/10/2023,16:02:26,028+831
2176,260,18/10/2023,16:02:26,028+836
2177,260,18/10/2023,16:02:26,028+841
2178,260,18/10/2023,16:02:26,028+846
2179,260,18/10/2023,16:02:26,028+851
2180,260,18/10/2023,16:02:26,028+851
2181,260,18/10/2023,16:02:26,028+856
2182,260,18/10/2023,16:02:26,028+861
2183,260,18/10/2023,16:02:26,028+866
2184,260,18/10/2023,16:02:27,028+871
2185,260,18/10/2023,16:02:27,028+876
2186,260,18/10/2023,16:02:27,028+876
2187,260,18/10/2023,16:02:27,028+886
2188,260,18/10/2023,16:02:27,028+886
2189,260,18/10/2023,16:02:27,028+891
2190,260,18/10/2023,16:02:27,028+896
2191,260,18/10/2023,16:02:27,028+901
2192,260,18/10/2023,16:02:27,028+906
2193,260,18/10/2023,16:02:27,028+906
2194,260,18/10/2023,16:02:27,028+911
2195,260,18/10/2023,16:02:27,028+916
2196,260,18/10/2023,16:02:27,028+921
2197,260,18/10/2023,16:02:27,028+926
2198,260,18/10/2023,16:02:27,028+926
2199,260,18/10/2023,16:02:27,028+931
2200,260,18/10/2023,16:02:27,028+936
2201,260,18/10/2023,16:02:27,028+941
2202,260,18/10/2023,16:02:28,028+946
2203,260,18/10/2023,16:02:28,028+951
2204,260,18/10/2023,16:02:28,028+956
2205,260,18/10/2023,16:02:28,028+956
2206,260,18/10/2023,16:02:28,028+956
2207,260,18/10/2023,16:02:28,028+956
2208,260,18/10/2023,16:02:28,028+971
2209,260,18/10/2023,16:02:28,028+976
2210,260,18/10/2023,16:02:28,028+981
2211,261,18/10/2023,16:02:28,028+986
2212,261,18/10/2023,16:02:28,028+986
2213,261,18/10/2023,16:02:28,028+991
2214,261,18/10/2023,16:02:28,028+996
2215,261,18/10/2023,16:02:28,029+001
2216,261,18/10/2023,16:02:28,029+001
2217,261,18/10/2023,16:02:28,029+006
2218,261,18/10/2023,16:02:28,029+011
2219,261,18/10/2023,16:02:29,029+016
2220,261,18/10/2023,16:02:29,029+021
2221,261,18/10/2023,16:02:29,029+026
2222,261,18/10/2023,16:02:29,029+031
2223,261,18/10/2023,16:02:29,029+031
2224,261,18/10/2023,16:02:29,029+036
2225,261,18/10/2023,16:02:29,029+041
2226,261,18/10/2023,16:02:29,029+046
2227,261,18/10/2023,16:02:29,029+051
2228,261,18/10/2023,16:02:29,029+056
2229,261,18/10/2023,16:02:29,029+056
2230,261,18/10/2023,16:02:29,029+061
2231,261,18/10/2023,16:02:29,029+066
2232,261,18/10/2023,16:02:29,029+071
2233,261,18/10/2023,16:02:29,029+076
2234,261,18/10/2023,16:02:29,029+081
2235,261,18/10/2023,16:02:29,029+081
2236,261,18/10/2023,16:02:29,029+086
2237,262,18/10/2023,16:02:30,029+091
2238,262,18/10/2023,16:02:30,029+096
2239,262,18/10/2023,16:02:30,029+101
2240,262,18/10/2023,16:02:30,029+106
2241,262,18/10/2023,16:02:30,029+106
2242,262,18/10/2023,16:02:30,029+116
2243,262,18/10/2023,16:02:30,029+116
2244,262,18/10/2023,16:02:30,029+121
2245,262,18/10/2023,16:02:30,029+126
2246,262,18/10/2023,16:02:30,029+131
2247,262,18/10/2023,16:02:30,029+136
2248,262,18/10/2023,16:02:30,029+141
2249,262,18/10/2023,16:02:30,029+146
2250,262,18/10/2023,16:02:30,029+146
2251,262,18/10/2023,16:02:30,029+151
2252,262,18/10/2023,16:02:30,029+156
2253,262,18/10/2023,16:02:31,029+161
2254,262,18/10/2023,16:02:31,029+161
2255,262,18/10/2023,16:02:31,029+171
2256,263,18/10/2023,16:02:31,029+176
2257,263,18/10/2023,16:02:31,029+176
2258,263,18/10/2023,16:02:31,029+181
2259,263,18/10/2023,16:02:31,029+186
2260,263,18/10/2023,16:02:31,029+191
2261,263,18/10/2023,16:02:31,029+191
2262,263,18/10/2023,16:02:31,029+196
2263,263,18/10/2023,16:02:31,029+201
2264,263,18/10/2023,16:02:31,029+206
2265,263,18/10/2023,16:02:31,029+211
2266,263,18/10/2023,16:02:31,029+216
2267,263,18/10/2023,16:02:31,029+216
2268,263,18/10/2023,16:02:31,029+221
2269,263,18/10/2023,16:02:31,029+226
2270,263,18/10/2023,16:02:31,029+231
2271,263,18/10/2023,16:02:32,029+236
2272,263,18/10/2023,16:02:32,029+241
2273,263,18/10/2023,16:02:32,029+246
2274,264,18/10/2023,16:02:32,029+251
2275,264,18/10/2023,16:02:32,029+251
2276,264,18/10/2023,16:02:32,029+256
2277,264,18/10/2023,16:02:32,029+261
2278,264,18/10/2023,16:02:32,029+266
2279,264,18/10/2023,16:02:32,029+271
2280,264,18/10/2023,16:02:32,029+276
2281,264,18/10/2023,16:02:32,029+281
2282,264,18/10/2023,16:02:32,029+281
2283,264,18/10/2023,16:02:32,029+286
2284,264,18/10/2023,16:02:32,029+291
2285,264,18/10/2023,16:02:32,029+296
2286,264,18/10/2023,16:02:32,029+301
2287,264,18/10/2023,16:02:32,029+301
2288,264,18/10/2023,16:02:32,029+306
2289,264,18/10/2023,16:02:33,029+316
2290,264,18/10/2023,16:02:33,029+316
2291,264,18/10/2023,16:02:33,029+321
2292,265,18/10/2023,16:02:33,029+326
2293,265,18/10/2023,16:02:33,029+331
2294,265,18/10/2023,16:02:33,029+331
2295,265,18/10/2023,16:02:33,029+341
2296,265,18/10/2023,16:02:33,029+341
2297,265,18/10/2023,16:02:33,029+346
2298,265,18/10/2023,16:02:33,029+351
2299,265,18/10/2023,16:02:33,029+356
2300,265,18/10/2023,16:02:33,029+361
2301,265,18/10/2023,16:02:33,029+361
2302,265,18/10/2023,16:02:33,029+366
2303,265,18/10/2023,16:02:33,029+371
2304,265,18/10/2023,16:02:33,029+376
2305,265,18/10/2023,16:02:34,029+381
2306,265,18/10/2023,16:02:34,029+386
2307,265,18/10/2023,16:02:34,029+391
2308,266,18/10/2023,16:02:34,029+396
2309,266,18/10/2023,16:02:34,029+396
2310,266,18/10/2023,16:02:34,029+401
2311,266,18/10/2023,16:02:34,029+406
2312,266,18/10/2023,16:02:34,029+411
2313,266,18/10/2023,16:02:34,029+416
2314,266,18/10/2023,16:02:34,029+421
2315,266,18/10/2023,16:02:34,029+426
2316,266,18/10/2023,16:02:34,029+426
2317,266,18/10/2023,16:02:34,029+431
2318,266,18/10/2023,16:02:34,029+436
2319,266,18/10/2023,16:02:34,029+441
2320,266,18/10/2023,16:02:34,029+446
2321,266,18/10/2023,16:02:34,029+451
2322,266,18/10/2023,16:02:34,029+451
2323,266,18/10/2023,16:02:35,029+456
2324,266,18/10/2023,16:02:35,029+461
2325,266,18/10/2023,16:02:35,029+466
2326,266,18/10/2023,16:02:35,029+471
2327,266,18/10/2023,16:02:35,029+476
2328,267,18/10/2023,16:02:35,029+481
2329,267,18/10/2023,16:02:35,029+481
2330,267,18/10/2023,16:02:35,029+486
2331,267,18/10/2023,16:02:35,029+491
2332,267,18/10/2023,16:02:35,029+496
2333,267,18/10/2023,16:02:35,029+501
2334,267,18/10/2023,16:02:35,029+506
2335,267,18/10/2023,16:02:35,029+511
2336,267,18/10/2023,16:02:35,029+516
2337,267,18/10/2023,16:02:35,029+516
2338,267,18/10/2023,16:02:35,029+521
2339,267,18/10/2023,16:02:35,029+526
2340,267,18/10/2023,16:02:36,029+531
2341,267,18/10/2023,16:02:36,029+536
2342,267,18/10/2023,16:02:36,029+541
2343,267,18/10/2023,16:02:36,029+546
2344,267,18/10/2023,16:02:36,029+551
2345,267,18/10/2023,16:02:36,029+551
2346,267,18/10/2023,16:02:36,029+556
2347,267,18/10/2023,16:02:36,029+561
2348,267,18/10/2023,16:02:36,029+566
2349,268,18/10/2023,16:02:36,029+571
2350,268,18/10/2023,16:02:36,029+576
2351,268,18/10/2023,16:02:36,029+576
2352,268,18/10/2023,16:02:36,029+581
2353,268,18/10/2023,16:02:36,029+586
2354,268,18/10/2023,16:02:36,029+591
2355,268,18/10/2023,16:02:36,029+596
2356,268,18/10/2023,16:02:36,029+601
2357,268,18/10/2023,16:02:36,029+601
2358,268,18/10/2023,16:02:37,029+606
2359,268,18/10/2023,16:02:37,029+611
2360,268,18/10/2023,16:02:37,029+616
2361,268,18/10/2023,16:02:37,029+621
2363,268,18/10/2023,16:02:37,029+621
2364,268,18/10/2023,16:02:37,029+636
2365,268,18/10/2023,16:02:37,029+636
2366,268,18/10/2023,16:02:37,029+641
2367,268,18/10/2023,16:02:37,029+646
2368,268,18/10/2023,16:02:37,029+651
2369,268,18/10/2023,16:02:37,029+656
2370,268,18/10/2023,16:02:37,029+661
2371,268,18/10/2023,16:02:37,029+666
2372,268,18/10/2023,16:02:37,029+671
2373,268,18/10/2023,16:02:37,029+671
2374,268,18/10/2023,16:02:37,029+676
2375,268,18/10/2023,16:02:38,029+681
2376,269,18/10/2023,16:02:38,029+686
2377,269,18/10/2023,16:02:38,029+691
2378,269,18/10/2023,16:02:38,029+696
2379,269,18/10/2023,16:02:38,029+696
2380,269,18/10/2023,16:02:38,029+706
2381,269,18/10/2023,16:02:38,029+706
2382,269,18/10/2023,16:02:38,029+716
2383,269,18/10/2023,16:02:38,029+716
2384,269,18/10/2023,16:02:38,029+721
2385,269,18/10/2023,16:02:38,029+726
2386,269,18/10/2023,16:02:38,029+731
2387,269,18/10/2023,16:02:38,029+731
2388,269,18/10/2023,16:02:38,029+736
2389,269,18/10/2023,16:02:38,029+741
2390,269,18/10/2023,16:02:39,029+761
2391,269,18/10/2023,16:02:39,029+766
2392,269,18/10/2023,16:02:39,029+771
2393,269,18/10/2023,16:02:39,029+776
2394,269,18/10/2023,16:02:39,029+781
2395,269,18/10/2023,16:02:39,029+786
2397,269,18/10/2023,16:02:39,029+786
2398,269,18/10/2023,16:02:39,029+786
2399,269,18/10/2023,16:02:39,029+801
2400,269,18/10/2023,16:02:39,029+806
2401,269,18/10/2023,16:02:39,029+811
2402,269,18/10/2023,16:02:39,029+816
2403,270,18/10/2023,16:02:39,029+821
2404,270,18/10/2023,16:02:39,029+826
2405,270,18/10/2023,16:02:40,029+831
2406,270,18/10/2023,16:02:40,029+831
2407,270,18/10/2023,16:02:40,029+836
2408,270,18/10/2023,16:02:40,029+841
2409,270,18/10/2023,16:02:40,029+846
2410,270,18/10/2023,16:02:40,029+851
2411,270,18/10/2023,16:02:40,029+856
2412,270,18/10/2023,16:02:40,029+861
2413,270,18/10/2023,16:02:40,029+861
2414,270,18/10/2023,16:02:40,029+871
2416,270,18/10/2023,16:02:40,029+886
2417,270,18/10/2023,16:02:40,029+891
2418,270,18/10/2023,16:02:40,029+896
2419,270,18/10/2023,16:02:40,029+901
2420,270,18/10/2023,16:02:41,029+906
2421,270,18/10/2023,16:02:41,029+906
2422,270,18/10/2023,16:02:41,029+911
2423,270,18/10/2023,16:02:41,029+916
2424,270,18/10/2023,16:02:41,029+921
2425,270,18/10/2023,16:02:41,029+926
2426,270,18/10/2023,16:02:41,029+926
2427,270,18/10/2023,16:02:41,029+931
2428,270,18/10/2023,16:02:41,029+936
2429,270,18/10/2023,16:02:41,029+941
2430,270,18/10/2023,16:02:41,029+946
2431,270,18/10/2023,16:02:41,029+951
2432,270,18/10/2023,16:02:41,029+956
2433,270,18/10/2023,16:02:41,029+961
2434,271,18/10/2023,16:02:41,029+966
2435,271,18/10/2023,16:02:42,029+981
2436,271,18/10/2023,16:02:42,029+986
2437,271,18/10/2023,16:02:42,029+991
2438,271,18/10/2023,16:02:42,029+991
2439,271,18/10/2023,16:02:42,030+001
2440,271,18/10/2023,16:02:42,030+001
2441,271,18/10/2023,16:02:42,030+006
2442,271,18/10/2023,16:02:42,030+011
2443,271,18/10/2023,16:02:42,030+016
2444,271,18/10/2023,16:02:42,030+021
2445,271,18/10/2023,16:02:42,030+026
2446,271,18/10/2023,16:02:42,030+026
2447,271,18/10/2023,16:02:42,030+031
2448,271,18/10/2023,16:02:42,030+036
2449,271,18/10/2023,16:02:42,030+041
2450,271,18/10/2023,16:02:42,030+046
2451,271,18/10/2023,16:02:42,030+051
2452,271,18/10/2023,16:02:43,030+056
2453,271,18/10/2023,16:02:43,030+061
