Frame,Speed,Time,Km marker
0,205,16:700:15,018+
1,205,16:700:15,018+11
2,205,16:700:15,018+11
3,205,16:700:15,018+1
4,205,16:700:15,018+223
5,205,16:700:15,018+223
6,205,16:700:116,018+2
7,205,16:700:116,018+31
8,205,16:700:116,018+31
9,206,16:700:116,018+36
10,206,16:700:116,018+41
11,206,16:700:116,018+41
12,206,16:700:116,018+
13,206,16:700:116,018+
14,206,16:700:116,018+51
15,206,16:700:116,018+6
16,206,16:700:116,018+61
17,206,16:700:116,018+61
18,206,16:700:116,018+
19,206,16:700:116,018+3
20,206,16:700:116,018+3
21,206,16:700:116,018+76
22,206,16:700:117,018+1
23,206,16:700:117,018+1
24,206,16:700:117,018+6
25,206,16:700:117,018+23
26,206,16:700:117,018+23
27,206,16:700:117,018+
28,20,16:700:117,0+001
29,207,16:700:117,0+001
30,207,16:700:117,0+08
31,207,16:700:117,0+011
32,207,16:700:117,0+011
33,207,16:700:117,0+16
34,207,16:700:117,0+021
35,207,16:700:117,0+021
36,207,16:700:117,0+26
37,207,16:700:117,0+031
38,207,16:700:117,0+031
39,207,16:700:117,0+36
40,207,16:700:18,0+041
41,207,16:700:18,0+041
42,207,16:700:18,0+046
43,207,16:700:18,0+031
44,207,16:700:18,0+031
45,207,16:700:18,0+6
46,207,16:700:18,0+61
47,207,16:700:18,0+61
48,208,16:700:18,0+6
49,208,16:700:18,0+071
50,208,16:700:18,0+071
51,208,16:700:18,0+76
52,208,16:700:18,0+081
53,208,16:700:18,0+081
54,208,16:700:18,0+0
55,208,16:700:18,0+091
56,208,16:700:18,0+091
57,208,16:700:19,0+
58,208,16:700:19,0+101
59,208,16:700:19,0+101
60,208,16:700:19,0+106
61,208,16:700:19,0+111
62,208,16:700:19,0+111
63,208,16:700:19,0+116
64,208,16:700:19,0+121
65,208,16:700:19,0+121
66,208,16:700:19,0+126
67,208,16:700:19,0+131
68,208,16:700:19,0+131
69,208,16:700:19,0+136
70,208,16:700:19,0+141
71,208,16:700:19,0+141
72,208,16:700:19,0+146
73,208,16:700:19,0+181
74,208,16:700:19,0+181
75,208,16:700:20,0+156
76,208,16:700:20,0+161
77,208,16:700:20,0+161
78,208,16:700:20,0+166
79,208,16:700:20,0+171
80,208,16:700:20,0+176
81,208,16:700:20,0+176
82,208,16:700:20,0+161
83,208,16:700:20,0+16
84,208,16:700:20,0+16
85,208,16:700:20,0+191
86,208,16:700:20,0+196
87,208,16:700:20,0+196
88,208,16:700:20,0+201
89,208,16:700:20,0+206
90,208,16:700:20,0+206
91,208,16:700:20,0+211
92,210,16:700:121,0+216
93,210,16:700:121,0+216
94,210,16:700:121,0+221
95,210,16:700:121,0+226
96,210,16:700:121,0+226
97,210,16:700:121,0+231
98,210,16:700:121,0+236
99,210,16:700:121,0+236
100,210,16:700:121,0+241
101,210,16:700:121,0+246
102,210,16:700:121,0+246
103,210,16:700:121,0+251
104,210,16:700:121,0+256
105,210,16:700:121,0+256
106,210,16:700:121,0+261
107,210,16:700:121,0+266
108,210,16:700:121,0+266
109,210,16:700:122,0+271
110,210,16:700:122,0+276
111,210,16:700:122,0+276
112,210,16:700:122,0+201
113,210,16:700:122,0+3
114,210,16:700:122,0+3
115,210,16:700:122,0+201
116,210,16:700:122,0+206
117,210,16:700:122,0+206
118,210,16:700:122,0+301
119,210,16:700:122,0+306
120,210,16:700:122,0+311
121,210,16:700:122,0+311
122,211,16:700:122,0+316
123,211,16:700:122,0+321
124,211,16:700:122,0+321
125,211,16:700:122,0+326
126,211,16:700:123,0+331
127,211,16:700:123,0+331
128,211,16:700:123,0+336
129,211,16:700:123,0+341
130,211,16:700:123,0+341
131,211,16:700:123,0+346
132,211,16:700:123,0+381
133,211,16:700:123,0+381
134,211,16:700:123,0+356
135,211,16:700:123,0+361
136,211,16:700:123,0+361
137,211,16:700:123,0+366
138,211,16:700:123,0+371
139,211,16:700:123,0+371
140,211,16:700:123,0+376
141,211,16:700:123,0+381
142,211,16:700:123,0+381
143,211,16:700:123,0+36
144,211,16:700:124,0+391
145,211,16:700:124,0+391
146,211,16:700:124,0+306
147,211,16:700:124,0+401
148,211,16:700:124,0+408
149,211,16:700:124,0+408
150,211,16:700:124,0+41
151,211,16:700:124,0+416
152,211,16:700:124,0+416
153,212,16:700:124,0+2
154,212,16:700:124,0+2
155,212,16:700:124,0+2
156,212,16:700:124,0+4
157,212,16:700:124,0+3
158,212,16:700:124,0+3
159,212,16:700:124,0+44
160,212,16:700:124,0+44
161,212,16:700:124,0+44
162,212,16:700:25,0+4
163,212,16:700:25,0+4
164,212,16:700:25,0+4
165,212,16:700:25,0+4
166,212,16:700:25,0+
167,212,16:700:25,0+
168,212,16:700:25,0+1
169,212,16:700:25,0+7
170,212,16:700:25,0+4
171,212,16:700:25,0+4
172,212,16:700:25,0+4
173,212,16:700:25,0+4
174,212,16:700:25,0+4
175,212,16:700:25,0+46
176,212,16:700:25,0+801
177,212,16:700:25,0+801
178,212,16:700:126,0+06
179,212,16:700:126,0+511
180,212,16:700:126,0+511
181,212,16:700:126,0+516
182,212,16:700:126,0+521
183,212,16:700:126,0+521
184,215,16:700:126,0+26
185,215,16:700:126,0+531
186,215,16:700:126,0+531
187,215,16:700:126,0+536
188,215,16:700:126,0+41
189,215,16:700:126,0+46
190,215,16:700:126,0+46
191,215,16:700:126,0+581
192,215,16:700:126,0+556
193,215,16:700:126,0+556
194,215,16:700:126,0+561
195,215,16:700:127,0+546
196,215,16:700:127,0+546
197,215,16:700:127,0+571
198,215,16:700:127,0+76
199,215,16:700:127,0+76
200,215,16:700:127,0+561
201,215,16:700:127,0+56
202,215,16:700:127,0+56
203,215,16:700:127,0+591
204,215,16:700:127,0+56
205,215,16:700:127,0+56
206,215,16:700:127,0+601
207,215,16:700:127,0+06
208,215,16:700:127,0+611
209,215,16:700:127,0+611
210,215,16:700:127,0+16
211,215,16:700:127,0+21
212,215,16:700:127,0+21
213,215,16:700:128,0+26
214,215,16:700:128,0+631
215,215,16:700:128,0+631
216,215,16:700:128,0+36
217,214,16:700:128,0+641
218,214,16:700:128,0+641
219,214,16:700:128,0+
220,214,16:700:128,0+51
221,214,16:700:128,0+51
222,214,16:700:128,0+6
223,214,16:700:128,0+61
224,214,16:700:128,0+6
225,214,16:700:128,0+6
226,214,16:700:128,0+61
227,214,16:700:128,0+76
228,214,16:700:128,0+76
229,214,16:700:128,0+01
230,214,16:700:129,0+
231,214,16:700:129,0+6
232,214,16:700:129,0+691
233,214,16:700:129,0+6
234,214,16:700:129,0+6
235,214,16:700:129,0+701
236,214,16:700:129,0+706
237,214,16:700:129,0+711
238,214,16:700:129,0+711
239,214,16:700:129,0+716
240,214,16:700:129,0+721
241,214,16:700:129,0+721
242,214,16:700:129,0+726
243,214,16:700:129,0+731
244,214,16:700:129,0+731
245,214,16:700:129,0+73
246,215,16:700:129,0+741
247,215,16:700:129,0+741
248,215,16:700:7320,0+746
249,215,16:700:7320,0+731
250,215,16:700:7320,0+731
251,215,16:700:7320,0+756
252,215,16:700:7320,0+761
253,215,16:700:7320,0+766
254,215,16:700:7320,0+766
255,215,16:700:7320,0+71
256,215,16:700:7320,0+776
257,215,16:700:7320,0+776
258,215,16:700:7320,0+23
259,215,16:700:7320,0+786
260,215,16:700:7320,0+786
261,215,16:700:7320,0+791
262,215,16:700:7320,0+706
263,215,16:700:7320,0+706
264,215,16:700:7320,0+01
265,215,16:700:31,0+06
266,215,16:700:31,0+611
267,215,16:700:31,0+611
268,215,16:700:31,0+16
269,215,16:700:31,0+21
270,215,16:700:31,0+21
271,215,16:700:31,0+26
272,215,16:700:31,0+631
273,215,16:700:31,0+631
274,215,16:700:31,0+36
275,215,16:700:31,0+41
276,215,16:700:31,0+41
277,216,16:700:31,0+46
278,216,16:700:31,0+51
279,216,16:700:31,0+6
280,216,16:700:31,0+6
281,216,16:700:31,0+61
282,216,16:700:8,0+66
283,216,16:700:8,0+66
284,216,16:700:8,0+3
285,216,16:700:8,0+76
286,216,16:700:8,0+76
287,216,16:700:8,0+01
288,216,16:700:8,0+
289,216,16:700:8,0+91
290,216,16:700:8,0+91
291,216,16:700:8,0+
292,216,16:700:8,0+1
293,216,16:700:8,0+1
294,216,16:700:8,0+
295,216,16:700:8,0+11
296,216,16:700:8,0+11
297,216,16:700:8,0+1
298,216,16:700:8,0+223
299,216,16:700:8,0+223
300,216,16:700:133,0+26
301,216,16:700:133,0+31
302,216,16:700:133,0+3
303,216,16:700:133,0+36
304,216,16:700:133,0+41
305,217,16:700:133,0+
306,217,16:700:133,0+
307,217,16:700:133,0+
308,217,16:700:133,0+3
309,217,16:700:133,0+3
310,217,16:700:133,0+61
311,217,16:700:133,0+
312,217,16:700:133,0+
313,217,16:700:133,0+
314,217,16:700:133,0+7
315,217,16:700:133,0+1
316,217,16:700:133,0+1
317,217,16:700:,0+
318,217,16:700:,0+4
319,217,16:700:,0+4
320,217,16:700:,0+
321,217,16:700:,21+001
322,217,16:700:,21+6
323,217,16:700:,21+6
324,217,16:700:,21+011
325,217,16:700:,21+16
326,217,16:700:,21+16
327,218,16:700:,21+021
328,218,16:700:,21+26
329,218,16:700:,21+26
330,218,16:700:,21+031
331,218,16:700:,21+36
332,218,16:700:,21+041
333,218,16:700:,21+041
334,218,16:700:35,21+046
335,218,16:700:35,21+031
336,218,16:700:35,21+031
337,218,16:700:35,21+6
338,218,16:700:35,21+61
339,218,16:700:35,21+61
340,218,16:700:35,21+
341,218,16:700:35,21+71
342,218,16:700:35,21+7
343,218,16:700:35,21+7
344,218,16:700:35,21+081
345,218,16:700:35,21+6
346,218,16:700:35,21+6
347,218,16:700:35,21+091
348,215,16:700:35,21+
349,215,16:700:35,21+101
350,215,16:700:35,21+101
351,215,16:700:1,21+106
352,215,16:700:1,21+111
353,215,16:700:1,21+111
354,215,16:700:1,21+116
355,215,16:700:1,21+121
356,215,16:700:1,21+121
357,215,16:700:1,21+126
358,215,16:700:1,21+131
359,215,16:700:1,21+136
360,215,16:700:1,21+136
361,215,16:700:1,21+141
362,215,16:700:1,21+146
363,215,16:700:1,21+146
364,215,16:700:1,21+151
365,215,16:700:1,21+156
366,215,16:700:1,21+161
367,215,16:700:1,21+161
368,,16:700:37,21+166
369,,16:700:37,21+171
370,,16:700:37,21+171
371,,16:700:37,21+176
372,,16:700:37,21+101
373,,16:700:37,21+101
374,,16:700:37,21+196
375,,16:700:37,21+191
376,,16:700:37,21+196
377,,16:700:37,21+196
378,,16:700:37,21+201
379,,16:700:37,21+206
380,,16:700:37,21+206
381,,16:700:37,21+211
382,,16:700:37,21+216
383,,16:700:37,21+221
384,,16:700:37,21+221
385,,16:700:37,21+226
386,,16:700:3,21+231
387,,16:700:3,21+231
388,,16:700:3,21+236
389,1,16:700:3,21+241
390,1,16:700:3,21+246
391,1,16:700:3,21+246
392,1,16:700:3,21+251
393,1,16:700:3,21+256
394,1,16:700:3,21+256
395,1,16:700:3,1+261
396,1,16:700:3,1+266
397,1,16:700:3,1+271
398,1,16:700:3,1+271
399,1,16:700:3,21+276
400,1,16:700:3,21+13
401,1,16:700:3,21+201
402,1,16:700:3,21+3
403,21,16:700:39,21+291
404,21,16:700:39,21+3
405,1,16:700:39,21+3
406,1,16:700:39,21+301
407,1,16:700:39,21+0
408,21,16:700:39,21+0
409,22,16:700:39,21+311
410,22,16:700:39,21+316
411,22,16:700:39,21+316
412,22,16:700:39,21+321
413,22,16:700:39,21+326
414,22,16:700:39,21+331
415,22,16:700:39,21+331
416,22,16:700:39,21+336
417,22,16:700:39,21+341
418,22,16:700:39,21+346
419,22,16:700:39,21+346
420,22,16:700:40,21+361
421,22,16:700:40,21+356
422,22,16:700:40,21+356
423,22,16:700:40,21+361
424,22,16:700:40,21+366
425,22,16:700:40,21+371
426,22,16:700:40,21+371
427,22,16:700:40,21+376
428,22,16:700:40,21+31
429,22,16:700:40,21+31
430,,16:700:40,21+6
431,,16:700:40,21+2223
432,,16:700:40,21+2213
433,,16:700:40,21+2213
434,,16:700:40,21+401
435,,16:700:40,21+406
436,,16:700:40,21+406
437,,16:700:40,21+41
438,,16:700:141,21+41
439,,16:700:141,21+2
440,,16:700:141,21+2
441,,16:700:141,21+26
442,,16:700:141,21+43
443,,16:700:141,21+43
444,,16:700:141,21+3
445,,16:700:141,21+4
446,,16:700:141,21+4
447,,16:700:141,21+4
448,,16:700:141,21+4
449,8,16:700:141,21+46
450,8,16:700:141,21+
451,8,16:700:141,21+
452,8,16:700:141,21+4
453,8,16:700:141,21+1
454,8,16:700:141,21+1
455,8,16:700:142,21+
456,8,16:700:142,21+4
457,8,16:700:142,21+4
458,8,16:700:142,21+4
459,8,16:700:142,21+4
460,8,16:700:142,21+46
461,8,16:700:142,21+46
462,8,16:700:142,21+801
463,8,16:700:142,21+06
464,8,16:700:142,21+511
465,8,16:700:142,21+511
466,8,16:700:142,21+516
467,8,16:700:142,21+21
468,8,16:700:142,21+21
469,,16:700:142,21+26
470,,16:700:142,21+531
471,,16:700:142,21+531
472,,16:700:142,21+536
473,,16:700:143,21+41
474,,16:700:143,21+4
475,,16:700:143,21+531
476,,16:700:143,21+531
477,,16:700:143,21+556
478,,16:700:143,21+561
479,,16:700:143,21+561
480,,16:700:143,21+56
481,,16:700:143,21+571
482,,16:700:143,21+576
483,,16:700:143,21+576
484,,16:700:143,21+581
485,,16:700:143,21+6
486,,16:700:143,21+591
487,,16:700:143,21+591
488,,16:700:143,21+56
489,,16:700:44,21+601
490,,16:700:44,21+601
491,,16:700:44,21+06
492,,16:700:44,21+11
493,,16:700:44,21+16
494,,16:700:44,21+16
495,,16:700:44,21+21
496,,16:700:44,21+26
497,,16:700:44,21+631
498,,16:700:44,21+631
499,,16:700:44,21+213
500,,16:700:44,21+41
501,,16:700:44,21+41
502,,16:700:44,21+1
503,,16:700:44,21+51
504,,16:700:44,21+6
505,,16:700:44,21+6
506,,16:700:44,21+61
507,,16:700:45,21+6
508,,16:700:45,21+1
509,,16:700:45,21+1
510,,16:700:45,21+7
511,,16:700:45,21+61
512,,16:700:45,21+
513,,16:700:45,21+
514,,16:700:45,21+691
515,,16:700:45,21+6
516,,16:700:45,21+6
517,,16:700:45,21+701
518,,16:700:45,21+706
519,,16:700:45,21+711
520,,16:700:45,21+711
521,,16:700:45,21+716
522,,16:700:45,21+721
523,,16:700:146,21+726
524,,16:700:146,21+726
525,,16:700:146,21+731
526,,16:700:146,21+736
527,,16:700:146,21+741
528,,16:700:146,21+741
529,,16:700:146,21+746
530,,16:700:146,21+751
531,,16:700:146,21+751
532,,16:700:146,21+756
533,,16:700:146,21+761
534,,16:700:146,21+766
535,,16:700:146,21+766
536,,16:700:146,21+71
537,,16:700:146,21+776
538,,16:700:146,21+761
539,,16:700:146,21+761
540,,16:700:146,21+766
541,,16:700:47,21+791
542,,16:700:47,21+796
543,,16:700:47,21+796
544,,16:700:47,21+01
545,,16:700:47,21+06
546,,16:700:47,21+11
547,,16:700:47,21+11
548,20,16:700:47,21+1
549,20,16:700:47,21+21
550,20,16:700:47,21+26
551,20,16:700:47,21+26
552,20,16:700:47,21+631
553,20,16:700:47,21+36
554,20,16:700:47,21+41
555,20,16:700:47,21+41
556,20,16:700:47,21+46
557,20,16:700:47,21+51
558,20,16:700:47,21+51
559,20,16:700:140,21+6
560,20,16:700:140,21+61
561,20,16:700:140,21+66
562,20,16:700:140,21+66
563,231,16:700:140,21+71
564,231,16:700:140,21+76
565,231,16:700:140,21+1
566,231,16:700:140,21+1
567,231,16:700:140,21+
568,231,16:700:140,21+91
569,231,16:700:140,21+6
570,231,16:700:140,21+6
571,231,16:700:140,21+1
572,231,16:700:140,21+
573,231,16:700:140,21+11
574,231,16:700:140,21+11
575,231,16:700:140,21+23
576,231,16:700:149,21+223
577,232,16:700:149,21+26
578,232,16:700:149,21+26
579,232,16:700:149,21+931
580,232,16:700:149,21+36
581,232,16:700:149,21+41
582,232,16:700:149,21+41
583,232,16:700:149,21+6
584,232,16:700:149,21+
585,232,16:700:149,21+3
586,232,16:700:149,21+3
587,232,16:700:149,21+61
588,232,16:700:149,21+
589,232,16:700:149,21+71
590,232,16:700:149,21+71
591,232,16:700:149,21+7
592,232,16:700:149,21+1
593,232,16:700:1530,21+
594,232,16:700:1530,21+
595,235,16:700:1530,1+23
596,235,16:700:1530,21+
597,235,16:700:1530,22+001
598,235,16:700:1530,22+001
599,235,16:700:1530,22+08
600,235,16:700:1530,22+011
601,235,16:700:1530,22+16
602,235,16:700:1530,22+16
603,235,16:700:1530,22+021
604,235,16:700:1530,22+26
605,235,16:700:1530,22+031
606,235,16:700:1530,22+031
607,235,16:700:1530,22+36
608,235,16:700:1530,22+041
609,235,16:700:1530,22+046
610,235,16:700:1530,22+046
611,235,16:700:231,22+031
612,235,16:700:231,22+6
613,235,16:700:231,22+061
614,235,16:700:231,22+061
615,24,16:700:231,22+6
616,24,16:700:231,22+071
617,24,16:700:231,22+7
618,24,16:700:231,22+7
619,24,16:700:231,2+1
620,24,16:700:231,2+
621,24,16:700:231,2+91
622,24,16:700:231,2+91
623,24,16:700:231,2+6
624,24,16:700:231,2+101
625,24,16:700:231,2+106
626,24,16:700:231,22+106
627,24,16:700:231,22+111
628,24,16:700:132,2+116
629,24,16:700:132,22+121
630,24,16:700:132,22+121
631,24,16:700:132,22+126
632,24,16:700:132,22+131
633,24,16:700:132,22+136
634,24,16:700:132,22+136
635,24,16:700:132,22+141
636,215,16:700:132,22+146
637,215,16:700:132,22+151
638,235,16:700:132,22+151
639,235,16:700:132,22+156
640,235,16:700:132,22+161
641,215,16:700:132,22+166
642,235,16:700:132,22+166
643,215,16:700:132,22+171
644,235,16:700:132,22+176
645,235,16:700:133,22+161
646,235,16:700:133,22+66
647,235,16:700:133,22+66
648,215,16:700:133,22+181
649,215,16:700:133,22+196
650,215,16:700:133,22+201
651,215,16:700:133,22+201
652,215,16:700:133,22+206
653,215,16:700:133,22+211
654,215,16:700:133,22+216
655,215,16:700:133,22+216
656,215,16:700:133,22+221
657,215,16:700:133,22+226
658,215,16:700:133,22+231
659,215,16:700:133,22+236
660,215,16:700:133,22+236
661,26,16:700:133,22+241
662,26,16:700:4,22+246
663,26,16:700:4,22+246
664,26,16:700:4,22+281
665,26,16:700:4,22+256
666,26,16:700:4,22+261
667,26,16:700:4,22+261
668,26,16:700:4,22+266
669,26,16:700:4,22+271
670,26,16:700:4,22+276
671,26,16:700:4,22+276
672,26,16:700:4,22+201
673,26,16:700:4,22+206
674,26,16:700:4,22+291
675,26,16:700:4,22+206
676,26,16:700:4,22+206
677,26,16:700:4,22+01
678,26,16:700:4,22+06
679,26,16:700:55,22+311
680,26,16:700:55,22+311
681,26,16:700:55,22+316
682,26,16:700:55,22+321
683,26,16:700:55,22+326
684,26,16:700:55,22+326
685,237,16:700:55,22+331
686,237,16:700:55,22+336
687,237,16:700:55,22+341
688,237,16:700:55,22+341
689,237,16:700:55,22+346
690,237,16:700:55,22+351
691,237,16:700:55,22+356
692,237,16:700:55,22+356
693,237,16:700:55,22+361
694,237,16:700:55,22+346
695,237,16:700:55,22+371
696,237,16:700:4,22+376
697,237,16:700:4,22+376
698,237,16:700:4,22+31
699,237,16:700:4,22+36
700,237,16:700:4,22+391
701,237,16:700:4,22+391
702,237,16:700:4,22+306
703,237,16:700:4,22+401
704,237,16:700:4,22+406
705,237,16:700:4,22+406
706,237,16:700:4,22+41
707,237,16:700:4,22+41
708,237,16:700:4,22+2
709,237,16:700:4,22+421
710,28,16:700:4,22+
711,28,16:700:4,22+4
712,28,16:700:4,2+6
713,28,16:700:4,22+44
714,28,16:700:4,22+44
715,28,16:700:157,22+44
716,28,16:700:157,22+45
717,28,16:700:157,22+
718,28,16:700:157,22+
719,28,16:700:157,22+4
720,28,16:700:157,22+4
721,28,16:700:157,22+71
722,28,16:700:157,22+71
723,28,16:700:157,22+7
724,28,16:700:157,22+46
725,28,16:700:157,22+4
726,28,16:700:157,22+4
727,28,16:700:157,22+4
728,28,16:700:157,22+
729,28,16:700:157,22+801
730,28,16:700:157,22+06
731,28,16:700:157,22+06
732,28,16:700:7,22+511
733,215,16:700:7,22+516
734,215,16:700:7,22+21
735,215,16:700:7,22+21
736,215,16:700:7,22+26
737,215,16:700:7,22+531
738,215,16:700:7,22+536
739,215,16:700:7,22+536
740,215,16:700:7,22+41
741,215,16:700:7,22+46
742,215,16:700:7,22+531
743,215,16:700:7,22+556
744,215,16:700:7,22+556
745,215,16:700:7,22+561
746,215,16:700:7,22+546
747,215,16:700:7,22+571
748,215,16:700:7,22+571
749,215,16:700:59,22+576
750,215,16:700:59,22+561
751,215,16:700:59,22+56
752,215,16:700:59,22+56
753,215,16:700:59,22+591
754,240,16:700:59,22+56
755,240,16:700:59,22+601
756,240,16:700:59,22+606
757,240,16:700:59,22+606
758,240,16:700:59,22+611
759,240,16:700:59,22+16
760,240,16:700:59,22+21
761,240,16:700:59,22+21
762,240,16:700:59,22+26
763,240,16:700:59,22+631
764,240,16:700:59,22+36
765,240,16:01:100,22+641
766,240,16:01:100,22+641
767,240,16:01:100,22+4
768,240,16:01:100,22+51
769,240,16:01:100,22+6
770,240,16:01:100,2+6
771,240,16:01:100,2+61
772,240,16:01:100,2+
773,240,16:01:100,22+
774,241,16:01:100,2+7
775,241,16:01:100,22+71
776,241,16:01:100,22+681
777,241,16:01:100,22+6
778,241,16:01:100,22+691
779,241,16:01:100,22+691
780,241,16:01:100,22+
781,241,16:01:100,22+701
782,241,16:01:100,22+706
783,241,16:01:100,22+706
784,241,16:01:201,22+711
785,241,16:01:201,22+716
786,241,16:01:201,22+721
787,241,16:01:201,22+726
788,241,16:01:201,22+726
789,241,16:01:201,22+731
790,241,16:01:201,22+736
791,241,16:01:201,22+741
792,241,16:01:201,22+741
793,241,16:01:201,22+746
794,242,16:01:201,22+731
795,242,16:01:201,22+756
796,242,16:01:201,22+761
797,242,16:01:201,22+761
798,242,16:01:201,22+766
799,242,16:01:201,22+771
800,242,16:01:102,22+77
801,242,16:01:102,22+761
802,242,16:01:102,22+761
803,242,16:01:102,22+766
804,242,16:01:102,22+791
805,242,16:01:102,22+791
806,242,16:01:102,22+706
807,242,16:01:102,22+601
808,242,16:01:102,22+08
809,242,16:01:102,22+611
810,245,16:01:102,22+16
811,245,16:01:102,22+16
812,245,16:01:102,22+21
813,245,16:01:102,22+26
814,245,16:01:102,22+631
815,245,16:01:102,22+631
816,245,16:01:102,22+36
817,245,16:01:102,22+41
818,245,16:01:103,22+46
819,245,16:01:103,22+51
820,245,16:01:103,22+51
821,245,16:01:103,22+6
822,245,16:01:103,22+61
823,245,16:01:103,22+6
824,245,16:01:103,22+6
825,245,16:01:103,22+71
826,245,16:01:103,22+76
827,245,16:01:103,22+1
828,245,16:01:103,22+
829,245,16:01:103,22+
830,245,16:01:103,22+81
831,245,16:01:103,22+
832,244,16:01:103,22+01
833,244,16:01:103,22+0
834,244,16:01:103,22+0
835,244,16:01:,22+911
836,244,16:01:,22+1
837,244,16:01:,22+223
838,244,16:01:,22+26
839,244,16:01:,22+26
840,244,16:01:,22+31
841,244,16:01:,22+36
842,244,16:01:,22+41
843,244,16:01:,22+41
844,244,16:01:,22+
845,244,16:01:,22+51
846,244,16:01:,22+6
847,244,16:01:,22+61
848,244,16:01:,22+61
849,244,16:01:,22+
850,244,16:01:,22+3
851,244,16:01:,22+7
852,244,16:01:,22+7
853,244,16:01:08,22+1
854,244,16:01:08,22+
855,244,16:01:08,22+23
856,244,16:01:08,22+
857,244,16:01:08,22+
858,245,16:01:08,23+001
859,245,16:01:08,23+06
860,245,16:01:08,23+011
861,245,16:01:08,23+16
862,245,16:01:08,23+16
863,245,16:01:08,23+021
864,245,16:01:08,23+2
865,245,16:01:08,23+031
866,245,16:01:08,23+031
867,245,16:01:08,23+36
868,245,16:01:08,23+041
869,245,16:01:08,23+04
870,245,16:01:,23+031
871,245,16:01:,23+031
872,245,16:01:,23+6
873,245,16:01:,23+61
874,245,16:01:,23+6
875,245,16:01:,23+071
876,245,16:01:,23+071
877,245,16:01:,23+7
878,245,16:01:,23+081
879,245,16:01:,23+
880,245,16:01:,23+
881,245,16:01:,23+091
882,245,16:01:,23+
883,245,16:01:,23+101
884,245,16:01:,23+106
885,245,16:01:,23+106
886,245,16:01:,23+111
887,245,16:01:07,23+116
888,245,16:01:07,23+121
889,245,16:01:07,23+126
890,245,16:01:07,23+126
891,245,16:01:07,23+131
892,245,16:01:07,23+136
893,245,16:01:07,23+141
894,245,16:01:07,23+146
895,245,16:01:07,23+146
896,245,16:01:07,23+151
897,245,16:01:07,23+156
898,245,16:01:07,23+161
899,245,16:01:07,23+161
900,245,16:01:07,23+166
901,245,16:01:07,23+171
902,245,16:01:07,23+176
903,245,16:01:07,23+101
904,245,16:01:07,23+101
905,245,16:01:,23+196
906,245,16:01:,23+191
907,245,16:01:,23+196
908,245,16:01:,23+201
909,245,16:01:,23+201
910,24,16:01:,23+206
911,24,16:01:,23+211
912,24,16:01:,23+216
913,24,16:01:,23+221
914,24,16:01:,23+221
915,24,16:01:,23+226
916,24,16:01:,23+231
917,24,16:01:,23+236
918,24,16:01:,23+236
919,24,16:01:,23+241
920,24,16:01:,23+246
921,24,16:01:100,23+251
922,24,16:01:100,23+256
923,24,16:01:100,23+256
924,24,16:01:100,23+261
925,24,16:01:100,23+266
926,24,16:01:100,23+271
927,24,16:01:100,23+276
928,24,16:01:100,23+276
929,24,16:01:100,23+281
930,24,16:01:100,23+3
931,24,16:01:100,23+206
932,24,16:01:100,23+206
933,24,16:01:100,23+301
934,24,16:01:100,23+306
935,24,16:01:100,23+311
936,24,16:01:100,23+316
937,24,16:01:100,23+316
938,24,16:01:10,23+321
939,24,16:01:10,23+326
940,24,16:01:10,23+331
941,24,16:01:10,23+331
942,24,16:01:10,23+336
943,24,16:01:10,23+341
944,24,16:01:10,23+346
945,24,16:01:10,23+351
946,24,16:01:10,23+351
947,24,16:01:10,23+356
948,24,16:01:10,23+361
949,24,16:01:10,23+366
950,24,16:01:10,23+371
951,24,16:01:10,23+371
952,247,16:01:10,23+376
953,247,16:01:10,23+31
954,247,16:01:10,23+36
955,247,16:01:11,23+2225
956,247,16:01:11,23+2225
957,247,16:01:11,23+306
958,247,16:01:11,23+401
959,247,16:01:11,23+408
960,247,16:01:11,23+41
961,247,16:01:11,23+41
962,247,16:01:11,23+416
963,247,16:01:11,23+42
964,247,16:01:11,23+426
965,247,16:01:11,23+426
966,247,16:01:11,23+43
967,247,16:01:11,23+
968,247,16:01:11,23+44
969,247,16:01:11,23+4
970,247,16:01:11,23+4
971,247,16:01:11,23+4
972,247,16:01:11,23+4
973,247,16:01:212,23+4
974,247,16:01:212,23+
975,247,16:01:212,23+
976,247,16:01:212,23+1
977,247,16:01:212,23+76
978,240,16:01:212,23+401
979,240,16:01:212,23+406
980,240,16:01:212,23+406
981,240,16:01:212,23+4
982,240,16:01:212,23+46
983,240,16:01:212,23+801
984,240,16:01:212,23+06
985,240,16:01:212,23+06
986,240,16:01:212,23+511
987,240,16:01:212,23+516
988,240,16:01:212,23+23
989,240,16:01:113,23+526
990,240,16:01:113,23+26
991,240,16:01:113,23+531
992,240,16:01:113,23+536
993,240,16:01:113,23+41
994,240,16:01:113,23+
995,240,16:01:113,23+
996,240,16:01:113,23+581
997,245,16:01:113,23+556
998,245,16:01:113,23+561
999,245,16:01:113,23+546
1000,245,16:01:113,23+546
1001,245,16:01:113,23+571
1002,245,16:01:113,23+576
1003,245,16:01:113,23+501
1004,245,16:01:113,23+506
1005,245,16:01:113,23+506
1006,245,16:01:113,23+591
1007,245,16:01:14,23+56
1008,245,16:01:14,23+601
1009,245,16:01:14,23+606
1010,245,16:01:14,23+606
1011,245,16:01:14,23+611
1012,245,16:01:14,23+16
1013,245,16:01:14,23+21
1014,245,16:01:14,23+26
1015,245,16:01:14,23+26
1016,2,16:01:14,23+631
1017,2,16:01:14,23+36
1018,2,16:01:14,23+641
1019,2,16:01:14,23+
1020,25,16:01:14,23+51
1021,25,16:01:14,23+51
1022,25,16:01:14,23+6
1023,25,16:01:14,23+61
1024,25,16:01:15,23+6
1025,25,16:01:15,23+671
1026,25,16:01:15,23+671
1027,25,16:01:15,23+7
1028,25,16:01:15,23+601
1029,25,16:01:15,23+
1030,25,16:01:15,23+691
1031,25,16:01:15,23+691
1032,25,16:01:15,23+6
1033,25,16:01:15,23+701
1034,25,16:01:15,23+706
1035,251,16:01:15,23+711
1036,251,16:01:15,23+711
1037,251,16:01:15,23+716
1038,251,16:01:15,23+721
1039,251,16:01:15,23+726
1040,251,16:01:15,23+731
1041,251,16:01:15,23+731
1042,251,16:01:116,23+736
1043,251,16:01:116,23+741
1044,251,16:01:116,23+746
1045,251,16:01:116,23+731
1046,251,16:01:116,23+731
1047,251,16:01:116,23+736
1048,251,16:01:116,23+761
1049,251,16:01:116,23+766
1050,251,16:01:116,23+771
1051,251,16:01:116,23+776
1052,251,16:01:116,23+776
1053,252,16:01:116,23+701
1054,252,16:01:116,23+706
1055,252,16:01:116,23+791
1056,252,16:01:116,23+796
1057,252,16:01:116,23+796
1058,252,16:01:116,23+801
1059,252,16:01:117,23+06
1060,252,16:01:117,23+611
1061,252,16:01:117,23+16
1062,252,16:01:117,23+16
1063,252,16:01:117,23+21
1064,252,16:01:117,23+26
1065,252,16:01:117,23+31
1066,252,16:01:117,23+36
1067,252,16:01:117,23+41
1068,252,16:01:117,23+41
1069,252,16:01:117,23+46
1070,252,16:01:117,23+51
1071,253,16:01:117,23+
1072,253,16:01:117,23+61
1073,253,16:01:117,23+61
1074,253,16:01:117,23+6
1075,253,16:01:117,23+71
1076,253,16:01:18,23+76
1077,253,16:01:18,23+1
1078,253,16:01:18,23+
1079,253,16:01:18,23+
1080,253,16:01:18,23+91
1081,253,16:01:18,23+8
1082,253,16:01:18,23+1
1083,253,16:01:18,23+
1084,253,16:01:18,23+
1085,253,16:01:18,23+11
1086,253,16:01:18,23+1
1087,253,16:01:18,23+223
1088,253,16:01:18,23+26
1089,253,16:01:18,23+26
1090,253,16:01:18,23+31
1091,253,16:01:18,23+36
1092,254,16:01:18,23+41
1093,254,16:01:19,23+46
1094,254,16:01:19,23+9
1095,254,16:01:19,23+9
1096,254,16:01:19,23+
1097,254,16:01:19,23+61
1098,254,16:01:19,23+
1099,254,16:01:19,23+71
1100,254,16:01:19,23+71
1101,254,16:01:19,23+7
1102,254,16:01:19,23+1
1103,254,16:01:19,23+
1104,254,16:01:19,23+29
1105,254,16:01:19,23+
1106,254,16:01:19,23+
1107,254,16:01:19,24+001
1108,254,16:01:19,24+08
1109,254,16:01:19,24+011
1110,254,16:01:20,24+16
1111,254,16:01:20,24+16
1112,254,16:01:20,24+021
1113,254,16:01:20,24+26
1114,254,16:01:20,24+031
1115,254,16:01:20,24+36
1116,255,16:01:20,24+041
1117,255,16:01:20,24+041
1118,255,16:01:20,24+04
1119,255,16:01:20,24+051
1120,255,16:01:20,24+6
1121,255,16:01:20,24+61
1122,255,16:01:20,24+61
1123,255,16:01:20,24+
1124,255,16:01:20,24+071
1125,255,16:01:20,24+7
1126,255,16:01:20,24+01
1127,255,16:01:20,24+06
1128,255,16:01:20,24+06
1129,255,16:01:121,24+091
1130,255,16:01:121,24+
1131,255,16:01:121,24+101
1132,255,16:01:121,24+106
1133,255,16:01:121,24+106
1134,255,16:01:121,24+111
1135,255,16:01:121,24+116
1136,255,16:01:121,24+121
1137,255,16:01:121,24+126
1138,255,16:01:121,24+131
1139,255,16:01:121,24+131
1140,255,16:01:121,24+136
1141,255,16:01:121,24+141
1142,255,16:01:121,24+146
1143,255,16:01:121,24+151
1144,255,16:01:121,24+156
1145,255,16:01:121,24+156
1146,255,16:01:122,24+161
1147,255,16:01:122,24+166
1148,255,16:01:122,24+171
1149,255,16:01:122,24+176
1150,255,16:01:122,24+176
1151,255,16:01:122,24+101
1152,255,16:01:122,24+106
1153,255,16:01:122,24+191
1154,255,16:01:122,24+196
1155,255,16:01:122,24+201
1156,255,16:01:122,24+201
1157,255,16:01:122,24+206
1158,255,16:01:122,24+211
1159,255,16:01:122,24+216
1160,255,16:01:122,24+221
1161,255,16:01:122,24+221
1162,255,16:01:122,24+226
1163,255,16:01:123,24+231
1164,255,16:01:123,24+236
1165,255,16:01:123,24+241
1166,255,16:01:123,24+246
1167,255,16:01:123,24+246
1168,255,16:01:123,24+251
1169,255,16:01:123,24+256
1170,255,16:01:123,24+261
1171,255,16:01:123,24+266
1172,255,16:01:123,24+266
1173,255,16:01:123,24+271
1174,255,16:01:123,24+276
1175,255,16:01:123,24+201
1176,255,16:01:123,24+3
1177,255,16:01:123,24+291
1178,255,16:01:123,24+291
1179,255,16:01:123,24+206
1180,255,16:01:124,24+01
1181,255,16:01:124,24+0
1182,255,16:01:124,24+311
1183,255,16:01:124,24+311
1184,255,16:01:124,24+316
1185,255,16:01:124,24+321
1186,255,16:01:124,24+326
1187,255,16:01:124,24+331
1188,255,16:01:124,24+336
1189,255,16:01:124,24+336
1190,255,16:01:124,24+341
1191,255,16:01:124,24+346
1192,255,16:01:124,24+361
1193,255,16:01:124,24+356
1194,255,16:01:124,24+356
1195,255,16:01:124,24+361
1196,255,16:01:124,24+366
1197,255,16:01:25,24+371
1198,255,16:01:25,24+376
1199,255,16:01:25,24+1
1200,255,16:01:25,24+1
1201,255,16:01:25,24+
1202,255,16:01:25,24+391
1203,255,16:01:25,24+213
1204,255,16:01:25,24+401
1205,255,16:01:25,24+401
1206,255,16:01:25,24+408
1207,255,16:01:25,24+41
1208,254,16:01:25,24+4
1209,254,16:01:25,24+2
1210,254,16:01:25,24+2
1211,254,16:01:25,24+
1212,254,16:01:25,24+43
1213,254,16:01:25,24+3
1214,254,16:01:126,24+44
1215,254,16:01:126,24+44
1216,254,16:01:126,24+44
1217,254,16:01:126,24+451
1218,254,16:01:126,24+46
1219,254,16:01:126,24+4
1220,254,16:01:126,24+
1221,254,16:01:126,24+
1222,254,16:01:126,24+1
1223,254,16:01:126,24+7
1224,254,16:01:126,24+401
1225,254,16:01:126,24+4
1226,254,16:01:126,24+4
1227,254,16:01:126,24+4
1228,254,16:01:126,24+4
1229,254,16:01:126,24+801
1230,254,16:01:126,24+06
1231,254,16:01:127,24+511
1232,254,16:01:127,24+511
1233,254,16:01:127,24+516
1234,254,16:01:127,24+521
1235,254,16:01:127,24+26
1236,254,16:01:127,24+531
1237,254,16:01:127,24+531
1238,254,16:01:127,24+536
1239,254,16:01:127,24+41
1240,254,16:01:127,24+46
1241,254,16:01:127,24+581
1242,254,16:01:127,24+56
1243,254,16:01:127,24+56
1244,254,16:01:127,24+561
1245,254,16:01:127,24+546
1246,254,16:01:127,24+571
1247,254,16:01:127,24+576
1248,254,16:01:127,24+576
1249,254,16:01:128,24+581
1250,254,16:01:128,24+6
1251,254,16:01:128,24+591
1252,254,16:01:128,24+56
1253,254,16:01:128,24+601
1254,254,16:01:128,24+601
1255,254,16:01:128,24+606
1256,254,16:01:128,24+611
1257,254,16:01:128,24+16
1258,254,16:01:128,24+21
1259,254,16:01:128,24+21
1260,254,16:01:128,24+26
1261,254,16:01:128,24+631
1262,254,16:01:128,24+36
1263,253,16:01:128,24+4
1264,253,16:01:128,24+
1265,253,16:01:128,24+
1266,253,16:01:129,24+51
1267,253,16:01:129,24+6
1268,253,16:01:129,24+41
1269,253,16:01:129,24+6
1270,253,16:01:129,24+6
1271,253,16:01:129,24+671
1272,253,16:01:129,24+7
1273,253,16:01:129,24+601
1274,253,16:01:129,24+
1275,253,16:01:129,24+
1276,253,16:01:129,24+691
1277,253,16:01:129,24+6
1278,253,16:01:129,24+701
1279,253,16:01:129,24+706
1280,253,16:01:129,24+706
1281,253,16:01:129,24+711
1282,253,16:01:129,24+716
1283,253,16:01:129,24+721
1284,253,16:01:7320,24+726
1285,253,16:01:7320,24+731
1286,253,16:01:7320,24+731
1287,253,16:01:7320,24+736
1288,253,16:01:7320,24+741
1289,253,16:01:7320,24+746
1290,253,16:01:7320,24+731
1291,253,16:01:7320,24+731
1292,253,16:01:7320,24+736
1293,253,16:01:7320,24+761
1294,253,16:01:7320,24+766
1295,253,16:01:7320,24+711
1296,253,16:01:7320,24+711
1297,253,16:01:7320,24+71
1298,253,16:01:7320,24+701
1299,253,16:01:7320,24+706
1300,253,16:01:7320,24+791
1301,253,16:01:31,24+796
1302,253,16:01:31,24+796
1303,253,16:01:31,24+01
1304,253,16:01:31,24+06
1305,253,16:01:31,24+611
1306,253,16:01:31,24+16
1307,253,16:01:31,24+16
1308,253,16:01:31,24+71
1309,253,16:01:31,24+
1310,253,16:01:31,24+631
1311,253,16:01:31,24+36
1312,253,16:01:31,24+41
1313,253,16:01:31,24+41
1314,253,16:01:31,24+46
1315,253,16:01:31,24+51
1316,253,16:01:31,24+6
1317,253,16:01:31,24+6
1318,253,16:01:31,24+61
1319,253,16:01:8,24+46
1320,253,16:01:8,24+71
1321,253,16:01:8,24+76
1322,253,16:01:8,24+01
1323,253,16:01:8,24+01
1324,253,16:01:8,24+6
1325,253,16:01:8,24+91
1326,253,16:01:8,24+8
1327,253,16:01:8,24+1
1328,253,16:01:8,24+1
1329,253,16:01:8,24+
1330,253,16:01:8,24+11
1331,253,16:01:8,24+1
1332,253,16:01:8,24+23
1333,253,16:01:8,24+23
1334,252,16:01:8,24+3
1335,252,16:01:8,24+31
1336,252,16:01:133,24+36
1337,252,16:01:133,24+41
1338,252,16:01:133,24+41
1339,252,16:01:133,24+46
1340,252,16:01:133,24+
1341,252,16:01:133,24+6
1342,252,16:01:133,24+61
1343,252,16:01:133,24+
1344,252,16:01:133,24+
1345,252,16:01:133,24+71
1346,252,16:01:133,24+76
1347,252,16:01:133,24+1
1348,252,16:01:133,24+
1349,252,16:01:133,24+
1350,252,16:01:133,24+1
1351,252,16:01:133,24+
1352,252,16:01:133,25+001
1353,252,16:01:,25+06
1354,252,16:01:,25+06
1355,252,16:01:,25+011
1356,252,16:01:,25+16
1357,252,16:01:,25+021
1358,252,16:01:,25+26
1359,252,16:01:,25+031
1360,252,16:01:,25+031
1361,252,16:01:,25+36
1362,252,16:01:,25+041
1363,252,16:01:,25+46
1364,252,16:01:,25+031
1365,252,16:01:,25+031
1366,252,16:01:,25+6
1367,252,16:01:,25+61
1368,252,16:01:,25+6
1369,252,16:01:,25+1
1370,252,16:01:,25+1
1371,252,16:01:35,25+7
1372,252,16:01:35,25+01
1373,252,16:01:35,25+06
1374,252,16:01:35,25+091
1375,252,16:01:35,25+
1376,252,16:01:35,25+101
1377,252,16:01:35,25+106
1378,252,16:01:35,25+111
1379,252,16:01:35,25+111
1380,252,16:01:35,25+116
1381,252,16:01:35,25+121
1382,252,16:01:35,25+126
1383,252,16:01:35,25+131
1384,252,16:01:35,25+131
1385,251,16:01:35,25+136
1386,251,16:01:1,25+141
1387,251,16:01:1,25+146
1388,251,16:01:1,25+151
1389,251,16:01:1,25+151
1390,251,16:01:1,25+156
1391,251,16:01:1,25+161
1392,251,16:01:1,25+166
1393,251,16:01:1,25+171
1394,251,16:01:1,25+176
1395,251,16:01:1,25+176
1396,251,16:01:1,25+11
1397,251,16:01:1,25+196
1398,251,16:01:1,25+191
1399,251,16:01:1,25+196
1400,251,16:01:1,25+196
1401,251,16:01:1,25+201
1402,251,16:01:1,25+206
1403,251,16:01:37,25+211
1404,251,16:01:37,25+216
1405,251,16:01:37,25+216
1406,251,16:01:37,25+221
1407,251,16:01:37,25+226
1408,251,16:01:37,25+231
1409,251,16:01:37,25+236
1410,251,16:01:37,25+236
1411,251,16:01:37,25+241
1412,251,16:01:37,25+246
1413,251,16:01:37,25+281
1414,251,16:01:37,25+256
1415,251,16:01:37,25+256
1416,251,16:01:37,25+261
1417,251,16:01:37,25+266
1418,251,16:01:37,25+271
1419,251,16:01:37,25+276
1420,251,16:01:37,25+276
1421,251,16:01:3,25+201
1422,251,16:01:3,25+3
1423,251,16:01:3,25+291
1424,251,16:01:3,25+206
1425,251,16:01:3,25+206
1426,251,16:01:3,25+301
1427,251,16:01:3,25+306
1428,251,16:01:3,25+311
1429,251,16:01:3,25+316
1430,251,16:01:3,25+316
1431,251,16:01:3,25+321
1432,251,16:01:3,25+326
1433,25,16:01:3,25+331
1434,25,16:01:3,25+336
1435,25,16:01:3,25+336
1436,25,16:01:3,25+341
1437,25,16:01:3,25+346
1438,25,16:01:39,25+351
1439,25,16:01:39,25+356
1440,25,16:01:39,25+361
1441,25,16:01:39,25+361
1442,25,16:01:39,25+346
1443,25,16:01:39,25+371
1444,25,16:01:39,25+376
1445,25,16:01:39,25+31
1446,25,16:01:39,25+31
1447,25,16:01:39,25+6
1448,25,16:01:39,25+391
1449,25,16:01:39,25+306
1450,25,16:01:39,25+401
1451,25,16:01:39,25+401
1452,25,16:01:39,25+406
1453,25,16:01:39,25+41
1454,25,16:01:39,25+416
1455,25,16:01:40,25+421
1456,25,16:01:40,25+421
1457,25,16:01:40,25+26
1458,25,16:01:40,25+43
1459,25,16:01:40,25+36
1460,25,16:01:40,25+44
1461,25,16:01:40,25+44
1462,25,16:01:40,25+44
1463,25,16:01:40,25+451
1464,25,16:01:40,25+456
1465,25,16:01:40,25+4
1466,25,16:01:40,25+4
1467,25,16:01:40,25+4
1468,25,16:01:40,25+71
1469,25,16:01:40,25+7
1470,25,16:01:40,25+461
1471,25,16:01:40,25+461
1472,25,16:01:40,25+466
1473,25,16:01:141,25+4
1474,25,16:01:141,25+
1475,25,16:01:141,25+801
1476,25,16:01:141,25+801
1477,25,16:01:141,25+0
1478,25,16:01:141,25+511
1479,25,16:01:141,25+516
1480,25,16:01:141,25+21
1481,25,16:01:141,25+21
1482,25,16:01:141,25+26
1483,25,16:01:141,25+531
1484,25,16:01:141,25+536
1485,25,16:01:141,25+41
1486,25,16:01:141,25+46
1487,25,16:01:141,25+46
1488,25,16:01:141,25+531
1489,245,16:01:141,25+556
1490,245,16:01:142,25+561
1491,245,16:01:142,25+561
1492,245,16:01:142,25+546
1493,245,16:01:142,25+571
1494,245,16:01:142,25+576
1495,245,16:01:142,25+581
1496,245,16:01:142,25+581
1497,245,16:01:142,25+56
1498,245,16:01:142,25+591
1499,245,16:01:142,25+58
1500,245,16:01:142,25+601
1501,245,16:01:142,25+601
1502,245,16:01:142,25+08
1503,245,16:01:142,25+611
1504,245,16:01:142,25+1
1505,245,16:01:142,25+21
1506,245,16:01:142,25+21
1507,245,16:01:142,25+26
1508,245,16:01:143,25+31
1509,245,16:01:143,25+36
1510,245,16:01:143,25+41
1511,245,16:01:143,25+41
1512,245,16:01:143,25+1
1513,245,16:01:143,25+51
1514,245,16:01:143,25+6
1515,245,16:01:143,25+61
1516,245,16:01:143,25+61
1517,245,16:01:143,25+6
1518,245,16:01:143,25+1
1519,245,16:01:143,25+76
1520,245,16:01:143,25+01
1521,245,16:01:143,25+01
1522,245,16:01:143,25+
1523,245,16:01:143,25+691
1524,245,16:01:44,25+6
1525,245,16:01:44,25+701
1526,245,16:01:44,25+701
1527,245,16:01:44,25+706
1528,245,16:01:44,25+711
1529,245,16:01:44,25+716
1530,245,16:01:44,25+721
1531,245,16:01:44,25+721
1532,245,16:01:44,25+726
1533,245,16:01:44,25+731
1534,245,16:01:44,25+736
1535,245,16:01:44,25+741
1536,245,16:01:44,25+741
1537,245,16:01:44,25+746
1538,245,16:01:44,25+731
1539,245,16:01:44,25+736
1540,245,16:01:44,25+736
1541,245,16:01:44,25+761
1542,245,16:01:45,25+766
1543,245,16:01:45,25+771
1544,245,16:01:45,25+776
1545,245,16:01:45,25+776
1546,248,16:01:45,25+701
1547,248,16:01:45,25+706
1548,248,16:01:45,25+791
1549,248,16:01:45,25+706
1550,248,16:01:45,25+706
1551,248,16:01:45,25+01
1552,248,16:01:45,25+06
1553,248,16:01:45,25+611
1554,248,16:01:45,25+16
1555,248,16:01:45,25+16
1556,248,16:01:45,25+21
1557,248,16:01:45,25+6
1558,248,16:01:45,25+631
1559,248,16:01:146,25+36
1560,248,16:01:146,25+36
1561,248,16:01:146,25+641
1562,248,16:01:146,25+46
1563,248,16:01:146,25+51
1564,248,16:01:146,25+6
1565,248,16:01:146,25+6
1566,248,16:01:146,25+61
1567,248,16:01:146,25+6
1568,248,16:01:146,25+71
1569,248,16:01:146,25+76
1570,248,16:01:146,25+76
1571,248,16:01:146,25+1
1572,248,16:01:146,25+
1573,248,16:01:146,25+1
1574,248,16:01:146,25+
1575,248,16:01:146,25+
1576,248,16:01:146,25+1
1577,248,16:01:47,25+
1578,248,16:01:47,25+11
1579,248,16:01:47,25+23
1580,248,16:01:47,25+23
1581,248,16:01:47,25+223
1582,248,16:01:47,25+26
1583,248,16:01:47,25+931
1584,248,16:01:47,25+36
1585,248,16:01:47,25+36
1586,248,16:01:47,25+41
1587,248,16:01:47,25+6
1588,248,16:01:47,25+
1589,248,16:01:47,25+
1590,248,16:01:47,25+6
1591,248,16:01:47,25+61
1592,248,16:01:47,25+
1593,248,16:01:140,25+71
1594,248,16:01:140,25+71
1595,248,16:01:140,25+7
1596,248,16:01:140,25+1
1597,248,16:01:140,25+
1598,248,16:01:140,25+23
1599,248,16:01:140,25+23
1600,248,16:01:140,25+
1601,247,16:01:140,+001
1602,247,16:01:140,+08
1603,247,16:01:140,+011
1604,247,16:01:140,+011
1605,247,16:01:140,+16
1606,247,16:01:140,+21
1607,247,16:01:140,+26
1608,247,16:01:140,+031
1609,247,16:01:140,+031
1610,247,16:01:140,+36
1611,247,16:01:149,+041
1612,247,16:01:149,+04
1613,247,16:01:149,+031
1614,247,16:01:149,+031
1615,247,16:01:149,+06
1616,247,16:01:149,+61
1617,247,16:01:149,+
1618,247,16:01:149,+071
1619,247,16:01:149,+071
1620,247,16:01:149,+76
1621,247,16:01:149,+081
1622,247,16:01:149,+6
1623,247,16:01:149,+
1624,247,16:01:149,+091
1625,247,16:01:149,+
1626,247,16:01:149,+101
1627,247,16:01:149,+106
1628,247,16:01:149,+106
1629,247,16:01:1530,+111
1630,247,16:01:1530,+116
1631,247,16:01:1530,+121
1632,247,16:01:1530,+126
1633,247,16:01:1530,+126
1634,247,16:01:1530,+131
1635,247,16:01:1530,+136
1636,247,16:01:1530,+141
1637,247,16:01:1530,+146
1638,247,16:01:1530,+146
1639,247,16:01:1530,+181
1640,247,16:01:1530,+156
1641,247,16:01:1530,+161
1642,247,16:01:1530,+161
1643,247,16:01:1530,+166
1644,247,16:01:1530,+171
1645,247,16:01:1530,+176
1646,247,16:01:231,+161
1647,247,16:01:231,+166
1648,247,16:01:231,+166
1649,247,16:01:231,+191
1650,247,16:01:231,+196
1651,247,16:01:231,+201
1652,247,16:01:231,+201
1653,247,16:01:231,+206
1654,247,16:01:231,+211
1655,247,16:01:231,+216
1656,247,16:01:231,+221
1657,247,16:01:231,+221
1658,247,16:01:231,+226
1659,247,16:01:231,+231
1660,24,16:01:231,+236
1661,24,16:01:231,+241
1662,24,16:01:231,+241
1663,24,16:01:132,+246
1664,24,16:01:132,+251
1665,24,16:01:132,+256
1666,24,16:01:132,+256
1667,24,16:01:132,+261
1668,24,16:01:132,+266
1669,24,16:01:132,+271
1670,24,16:01:132,+276
1671,24,16:01:132,+276
1672,24,16:01:132,+201
1673,24,16:01:132,+3
1674,24,16:01:132,+291
1675,24,16:01:132,+3
1676,24,16:01:132,+3
1677,24,16:01:132,+01
1678,24,16:01:132,+0
1679,24,16:01:132,+311
1680,24,16:01:133,+316
1681,24,16:01:133,+316
1682,24,16:01:133,+321
1683,24,16:01:133,+326
1684,24,16:01:133,+331
1685,24,16:01:133,+331
1686,24,16:01:133,+336
1687,24,16:01:133,+341
1688,24,16:01:133,+346
1689,24,16:01:133,+361
1690,24,16:01:133,+361
1691,24,16:01:133,+356
1692,24,16:01:133,+361
1693,24,16:01:133,+346
1694,24,16:01:133,+371
1695,24,16:01:133,+371
1696,24,16:01:133,+376
1697,24,16:01:133,+31
1698,24,16:01:4,+
1699,24,16:01:4,+301
1700,24,16:01:4,+301
1701,24,16:01:4,+306
1702,24,16:01:4,+401
1703,24,16:01:4,+408
1704,24,16:01:4,+408
1705,24,16:01:4,+41
1706,24,16:01:4,+416
1707,24,16:01:4,+421
1708,24,16:01:4,+2
1709,24,16:01:4,+2
1710,24,16:01:4,+431
1711,24,16:01:4,+436
1712,24,16:01:4,+44
1713,24,16:01:4,+44
1714,24,16:01:4,+44
1715,24,16:01:55,+451
1716,24,16:01:55,+456
1717,24,16:01:55,+46
1718,24,16:01:55,+466
1719,24,16:01:55,+466
1720,24,16:01:55,+71
1721,24,16:01:55,+7
1722,24,16:01:55,+461
1723,24,16:01:55,+461
1724,245,16:01:55,+4
1725,245,16:01:55,+491
1726,245,16:01:55,+40
1727,245,16:01:55,+801
1728,245,16:01:55,+06
1729,245,16:01:55,+06
1730,245,16:01:55,+511
1731,245,16:01:55,+516
1732,245,16:01:4,+21
1733,245,16:01:4,+521
1734,245,16:01:4,+26
1735,245,16:01:4,+531
1736,245,16:01:4,+536
1737,245,16:01:4,+536
1738,245,16:01:4,+41
1739,245,16:01:4,+4
1740,245,16:01:4,+551
1741,245,16:01:4,+556
1742,245,16:01:4,+556
1743,245,16:01:4,+561
1744,245,16:01:4,+546
1745,245,16:01:4,+571
1746,245,16:01:4,+7
1747,245,16:01:4,+7
1748,245,16:01:4,+561
1749,245,16:01:157,+56
1750,245,16:01:157,+591
1751,245,16:01:157,+591
1752,245,16:01:157,+56
1753,245,16:01:157,+601
1754,245,16:01:157,+0
1755,245,16:01:157,+611
1756,245,16:01:157,+611
1757,245,16:01:157,+1
1758,245,16:01:157,+621
1759,245,16:01:157,+26
1760,245,16:01:157,+26
1761,245,16:01:157,+31
1762,244,16:01:157,+36
1763,244,16:01:157,+641
1764,244,16:01:157,+41
1765,244,16:01:157,+41
1766,244,16:01:157,+51
1767,244,16:01:7,+6
1768,244,16:01:7,+61
1769,244,16:01:7,+
1770,244,16:01:7,+
1771,244,16:01:7,+671
1772,244,16:01:7,+76
1773,244,16:01:7,+691
1774,244,16:01:7,+691
1775,244,16:01:7,+
1776,244,16:01:7,+691
1777,244,16:01:7,+
1778,244,16:01:7,+701
1779,244,16:01:7,+701
1780,244,16:01:7,+708
1781,244,16:01:7,+711
1782,244,16:01:7,+716
1783,244,16:01:7,+716
1784,244,16:01:59,+721
1785,244,16:01:59,+3
1786,244,16:01:59,+731
1787,244,16:01:59,+3
1788,244,16:01:59,+3
1789,244,16:01:59,+741
1790,245,16:01:59,+746
1791,245,16:01:59,+731
1792,245,16:01:59,+731
1793,245,16:01:59,+756
1794,245,16:01:59,+761
1795,245,16:01:59,+766
1796,245,16:01:59,+771
1797,245,16:01:59,+771
1798,245,16:01:59,+776
1799,245,16:01:59,+701
1800,245,16:01:59,+786
1801,245,16:02:100,+791
1802,245,16:02:100,+791
1803,245,16:02:100,+796
1804,245,16:02:100,+01
1805,245,16:02:100,+06
1806,245,16:02:100,+06
1807,245,16:02:100,+611
1808,245,16:02:100,+16
1809,245,16:02:100,+21
1810,245,16:02:100,+21
1811,245,16:02:100,+26
1812,245,16:02:100,+631
1813,245,16:02:100,+36
1814,245,16:02:100,+41
1815,245,16:02:100,+41
1816,242,16:02:100,+51
1817,242,16:02:201,+
1818,242,16:02:201,+61
1819,242,16:02:201,+61
1820,242,16:02:201,+6
1821,242,16:02:201,+71
1822,242,16:02:201,+7
1823,242,16:02:201,+7
1824,242,16:02:201,+61
1825,242,16:02:201,+
1826,242,16:02:201,+81
1827,242,16:02:201,+81
1828,242,16:02:201,+
1829,242,16:02:201,+1
1830,242,16:02:201,+
1831,242,16:02:201,+11
1832,242,16:02:201,+11
1833,242,16:02:201,+1
1834,242,16:02:201,+23
1835,242,16:02:102,+26
1836,242,16:02:102,+26
1837,242,16:02:102,+31
1838,242,16:02:102,+36
1839,242,16:02:102,+41
1840,242,16:02:102,+
1841,242,16:02:102,+
1842,242,16:02:102,+51
1843,242,16:02:102,+6
1844,242,16:02:102,+61
1845,242,16:02:102,+61
1846,242,16:02:102,+
1847,242,16:02:102,+71
1848,242,16:02:102,+7
1849,242,16:02:102,+1
1850,242,16:02:102,+1
1851,242,16:02:102,+
1852,242,16:02:103,+1
1853,242,16:02:103,+
1854,242,16:02:103,+
1855,242,16:02:103,27+001
1856,242,16:02:103,27+06
1857,242,16:02:103,27+011
1858,242,16:02:103,27+16
1859,242,16:02:103,27+16
1860,242,16:02:103,27+021
1861,242,16:02:103,27+26
1862,242,16:02:103,27+031
1863,242,16:02:103,27+031
1864,242,16:02:103,27+36
1865,242,16:02:103,27+041
1866,242,16:02:103,27+046
1867,242,16:02:103,27+031
1868,242,16:02:103,27+031
1869,242,16:02:103,27+6
1870,242,16:02:,27+61
1871,242,16:02:,27+
1872,242,16:02:,27+6
1873,242,16:02:,27+71
1874,242,16:02:,27+7
1875,242,16:02:,27+1
1876,242,16:02:,27+6
1877,242,16:02:,27+6
1878,242,16:02:,27+091
1879,242,16:02:,27+6
1880,242,16:02:,27+101
1881,242,16:02:,27+101
1882,242,16:02:,27+106
1883,242,16:02:,27+111
1884,242,16:02:,27+116
1885,242,16:02:,27+121
1886,242,16:02:,27+121
1887,242,16:02:08,27+126
1888,242,16:02:08,27+131
1889,242,16:02:08,27+136
1890,242,16:02:08,27+136
1891,241,16:02:08,27+141
1892,241,16:02:08,27+146
1893,241,16:02:08,27+151
1894,241,16:02:08,27+156
1895,241,16:02:08,27+156
1896,241,16:02:08,27+161
1897,241,16:02:08,27+166
1898,241,16:02:08,27+171
1899,241,16:02:08,27+171
1900,241,16:02:08,27+176
1901,241,16:02:08,27+161
1902,241,16:02:08,27+166
1903,241,16:02:08,27+191
1904,241,16:02:08,27+191
1905,241,16:02:6,27+106
1906,241,16:02:6,27+201
1907,244,16:02:6,27+206
1908,244,16:02:6,27+211
1909,244,16:02:6,27+211
1910,244,16:02:6,27+216
1911,244,16:02:6,27+221
1912,244,16:02:6,27+226
1913,244,16:02:6,27+226
1914,244,16:02:6,27+231
1915,244,16:02:6,27+236
1916,244,16:02:6,27+241
1917,244,16:02:6,27+246
1918,244,16:02:6,27+246
1919,244,16:02:6,27+281
1920,244,16:02:6,27+256
1921,244,16:02:07,27+261
1922,244,16:02:07,27+266
1923,244,16:02:07,27+266
1924,245,16:02:07,27+271
1925,245,16:02:07,27+276
1926,245,16:02:07,27+261
1927,245,16:02:07,27+3
1928,245,16:02:07,27+3
1929,245,16:02:07,27+291
1930,245,16:02:07,27+206
1931,245,16:02:07,27+01
1932,245,16:02:07,27+01
1933,245,16:02:07,27+0
1934,245,16:02:07,27+311
1935,245,16:02:07,27+316
1936,245,16:02:07,27+321
1937,245,16:02:07,27+321
1938,245,16:02:07,27+326
1939,24,16:02:,27+331
1940,24,16:02:,27+336
1941,24,16:02:,27+341
1942,24,16:02:,27+341
1943,24,16:02:,27+346
1944,24,16:02:,27+351
1945,24,16:02:,27+356
1946,24,16:02:,27+361
1947,24,16:02:,27+361
1948,24,16:02:,27+346
1949,24,16:02:,27+371
1950,24,16:02:,27+376
1951,24,16:02:,27+31
1952,24,16:02:,27+31
1953,24,16:02:,27+3
1954,247,16:02:,27+391
1955,247,16:02:,27+2113
1956,247,16:02:100,27+401
1957,247,16:02:100,27+401
1958,247,16:02:100,27+406
1959,247,16:02:100,27+41
1960,247,16:02:100,27+416
1961,247,16:02:100,27+416
1962,247,16:02:100,27+421
1963,247,16:02:100,27+2
1964,247,16:02:100,27+431
1965,247,16:02:100,27+43
1966,247,16:02:100,27+43
1967,247,16:02:100,27+44
1968,247,16:02:100,27+44
1969,247,16:02:100,27+481
1970,248,16:02:100,27+4
1971,248,16:02:100,27+4
1972,248,16:02:100,27+4
1973,248,16:02:10,27+4
1974,248,16:02:10,27+71
1975,248,16:02:10,27+7
1976,248,16:02:10,27+7
1977,248,16:02:10,27+461
1978,248,16:02:10,27+46
1979,248,16:02:10,27+491
1980,248,16:02:10,27+4
1981,248,16:02:10,27+801
1982,248,16:02:10,27+801
1983,248,16:02:10,27+806
1984,248,16:02:10,27+511
1985,245,16:02:10,27+516
1986,245,16:02:10,27+516
1987,245,16:02:10,27+21
1988,245,16:02:10,27+26
1989,245,16:02:10,27+531
1990,245,16:02:11,27+536
1991,245,16:02:11,27+536
1992,245,16:02:11,27+41
1993,245,16:02:11,27+4
1994,245,16:02:11,27+581
1995,245,16:02:11,27+556
1996,245,16:02:11,27+561
1997,245,16:02:11,27+561
1998,245,16:02:11,27+6
1999,245,16:02:11,27+571
2000,245,16:02:11,27+57
2001,25,16:02:11,27+561
2002,25,16:02:11,27+561
2003,25,16:02:11,27+56
2004,25,16:02:11,27+591
2005,25,16:02:11,27+56
2006,25,16:02:11,27+601
2007,25,16:02:11,27+601
2008,25,16:02:212,27+608
2009,25,16:02:212,27+11
2010,25,16:02:212,27+16
2011,25,16:02:212,27+21
2012,25,16:02:212,27+21
2013,25,16:02:212,27+26
2014,25,16:02:212,27+631
2015,25,16:02:212,27+6
2016,25,16:02:212,27+41
2017,25,16:02:212,27+41
2018,25,16:02:212,27+
2019,25,16:02:212,27+51
2020,251,16:02:212,27+6
2021,251,16:02:212,27+61
2022,251,16:02:212,27+61
2023,251,16:02:212,27+
2024,251,16:02:212,27+671
2025,251,16:02:113,27+7
2026,251,16:02:113,27+661
2027,251,16:02:113,27+
2028,251,16:02:113,27+
2029,251,16:02:113,27+691
2030,251,16:02:113,27+66
2031,251,16:02:113,27+701
2032,251,16:02:113,27+706
2033,251,16:02:113,27+706
2034,251,16:02:113,27+711
2035,251,16:02:113,27+716
2036,251,16:02:113,27+721
2037,251,16:02:113,27+726
2038,251,16:02:113,27+726
2039,251,16:02:113,27+731
2040,251,16:02:113,27+3
2041,251,16:02:113,27+741
2042,252,16:02:14,27+746
2043,252,16:02:14,27+746
2044,252,16:02:14,27+781
2045,252,16:02:14,27+756
2046,252,16:02:14,27+761
2047,252,16:02:14,27+766
2048,252,16:02:14,27+766
2049,252,16:02:14,27+71
2050,252,16:02:14,27+7
2051,252,16:02:14,27+701
2052,252,16:02:14,27+766
2053,252,16:02:14,27+791
2054,252,16:02:14,27+791
2055,252,16:02:14,27+796
2056,252,16:02:14,27+601
2057,252,16:02:14,27+08
2058,252,16:02:14,27+611
2059,252,16:02:14,27+611
2060,252,16:02:15,27+16
2061,252,16:02:15,27+
2062,252,16:02:15,27+2
2063,252,16:02:15,27+631
2064,252,16:02:15,27+631
2065,252,16:02:15,27+36
2066,252,16:02:15,27+41
2067,253,16:02:15,27+46
2068,253,16:02:15,27+51
2069,253,16:02:15,27+
2070,253,16:02:15,27+6
2071,253,16:02:15,27+61
2072,253,16:02:15,27+
2073,253,16:02:15,27+71
2074,253,16:02:15,27+76
2075,253,16:02:15,27+76
2076,253,16:02:15,27+61
2077,253,16:02:116,27+
2078,253,16:02:116,27+891
2079,253,16:02:116,27+8
2080,253,16:02:116,27+1
2081,253,16:02:116,27+1
2082,253,16:02:116,27+
2083,253,16:02:116,27+11
2084,253,16:02:116,27+23
2085,253,16:02:116,27+223
2086,253,16:02:116,27+223
2087,253,16:02:116,27+2
2088,253,16:02:116,27+931
2089,253,16:02:116,27+36
2090,253,16:02:116,27+41
2091,253,16:02:116,27+41
2092,253,16:02:116,27+
2093,254,16:02:116,27+51
2094,254,16:02:117,27+6
2095,254,16:02:117,27+61
2096,254,16:02:117,27+
2097,254,16:02:117,27+
2098,254,16:02:117,27+71
2099,254,16:02:117,27+7
2100,254,16:02:117,27+1
2101,254,16:02:117,27+
2102,254,16:02:117,27+1
2103,254,16:02:117,27+1
2104,254,16:02:117,27+
2105,254,16:02:117,+001
2106,254,16:02:117,+06
2107,254,16:02:117,+011
2108,254,16:02:117,+011
2109,254,16:02:117,+16
2110,254,16:02:117,+21
2111,254,16:02:18,+26
2112,254,16:02:18,+031
2113,254,16:02:18,+031
2114,254,16:02:18,+36
2115,254,16:02:18,+041
2116,254,16:02:18,+046
2117,254,16:02:18,+081
2118,255,16:02:18,+6
2119,255,16:02:18,+6
2120,255,16:02:18,+061
2121,255,16:02:18,+6
2122,255,16:02:18,+071
2123,255,16:02:18,+7
2124,255,16:02:18,+7
2125,255,16:02:18,+1
2126,255,16:02:18,+
2127,255,16:02:18,+091
2128,255,16:02:19,+
2129,255,16:02:19,+101
2130,255,16:02:19,+101
2131,255,16:02:19,+106
2132,255,16:02:19,+111
2133,255,16:02:19,+116
2134,255,16:02:19,+121
2135,255,16:02:19,+126
2136,255,16:02:19,+126
2137,255,16:02:19,+131
2138,255,16:02:19,+136
2139,255,16:02:19,+141
2140,255,16:02:19,+146
2141,255,16:02:19,+151
2142,255,16:02:19,+151
2143,255,16:02:19,+156
2144,256,16:02:19,+161
2145,256,16:02:19,+166
2146,256,16:02:20,+171
2147,256,16:02:20,+171
2148,256,16:02:20,+176
2149,256,16:02:20,+161
2150,256,16:02:20,+166
2151,256,16:02:20,+191
2152,256,16:02:20,+191
2153,256,16:02:20,+196
2154,256,16:02:20,+201
2155,256,16:02:20,+206
2156,256,16:02:20,+211
2157,256,16:02:20,+216
2158,256,16:02:20,+216
2159,256,16:02:20,+221
2160,256,16:02:20,+226
2161,256,16:02:20,+231
2162,256,16:02:20,+236
2163,256,16:02:121,+241
2164,256,16:02:121,+241
2165,256,16:02:121,+246
2166,256,16:02:121,+251
2167,256,16:02:121,+256
2168,256,16:02:121,+261
2169,256,16:02:121,+266
2170,256,16:02:121,+266
2171,257,16:02:121,+271
2172,257,16:02:121,+276
2173,257,16:02:121,+261
2174,257,16:02:121,+3
2175,257,16:02:121,+291
2176,257,16:02:121,+291
2177,257,16:02:121,+206
2178,257,16:02:121,+01
2179,257,16:02:121,+0
2180,257,16:02:122,+311
2181,257,16:02:122,+311
2182,257,16:02:122,+316
2183,257,16:02:122,+321
2184,257,16:02:122,+326
2185,257,16:02:122,+331
2186,257,16:02:122,+336
2187,257,16:02:122,+336
2188,257,16:02:122,+341
2189,257,16:02:122,+346
2190,257,16:02:122,+351
2191,257,16:02:122,+356
2192,257,16:02:122,+361
2193,257,16:02:122,+361
2194,257,16:02:122,+346
2195,257,16:02:122,+371
2196,257,16:02:122,+376
2197,257,16:02:122,+31
2198,257,16:02:122,+31
2199,258,16:02:123,+36
2200,258,16:02:123,+391
2201,258,16:02:123,+213
2202,258,16:02:123,+401
2203,258,16:02:123,+406
2204,258,16:02:123,+406
2205,258,16:02:123,+41
2206,258,16:02:123,+416
2207,258,16:02:123,+2
2208,258,16:02:123,+2
2209,258,16:02:123,+43
2210,258,16:02:123,+43
2211,258,16:02:123,+4
2212,258,16:02:123,+44
2213,258,16:02:123,+44
2214,258,16:02:123,+4
2215,258,16:02:124,+4
2216,258,16:02:124,+
2217,258,16:02:124,+
2218,258,16:02:124,+4
2219,258,16:02:124,+1
2220,258,16:02:124,+76
2221,258,16:02:124,+41
2222,258,16:02:124,+41
2223,258,16:02:124,+4
2224,258,16:02:124,+4
2225,258,16:02:124,+406
2226,258,16:02:124,+801
2227,258,16:02:124,+0
2228,258,16:02:124,+0
2229,258,16:02:124,+511
2230,258,16:02:124,+516
2231,258,16:02:124,+21
2232,258,16:02:25,+26
2233,258,16:02:25,+531
2234,258,16:02:25,+531
2235,258,16:02:25,+536
2236,258,16:02:25,+41
2237,258,16:02:25,+46
2238,258,16:02:25,+531
2239,258,16:02:25,+556
2240,258,16:02:25,+556
2241,258,16:02:25,+561
2242,258,16:02:25,+546
2243,258,16:02:25,+571
2244,258,16:02:25,+576
2245,258,16:02:25,+581
2246,258,16:02:25,+581
2247,258,16:02:25,+56
2248,258,16:02:25,+591
2249,258,16:02:25,+56
2250,258,16:02:126,+601
2251,258,16:02:126,+606
2252,258,16:02:126,+606
2253,258,16:02:126,+11
2254,258,16:02:126,+16
2255,258,16:02:126,+21
2256,258,16:02:126,+26
2257,258,16:02:126,+631
2258,260,16:02:126,+36
2259,260,16:02:126,+41
2260,260,16:02:126,+1
2261,260,16:02:126,+51
2262,260,16:02:126,+6
2263,260,16:02:126,+6
2264,260,16:02:126,+61
2265,260,16:02:126,+6
2266,260,16:02:127,+671
2267,260,16:02:127,+7
2268,260,16:02:127,+691
2269,260,16:02:127,+691
2270,260,16:02:127,+66
2271,260,16:02:127,+691
2272,260,16:02:127,+6
2273,260,16:02:127,+701
2274,260,16:02:127,+706
2275,260,16:02:127,+711
2276,260,16:02:127,+711
2277,260,16:02:127,+716
2278,260,16:02:127,+721
2279,260,16:02:127,+726
2280,260,16:02:127,+731
2281,260,16:02:127,+736
2282,260,16:02:127,+736
2283,260,16:02:127,+741
2284,260,16:02:128,+746
2285,260,16:02:128,+731
2286,260,16:02:128,+756
2287,260,16:02:128,+761
2288,260,16:02:128,+761
2289,260,16:02:128,+766
2290,260,16:02:128,+771
2291,260,16:02:128,+776
2292,260,16:02:128,+701
2293,261,16:02:128,+706
2294,261,16:02:128,+706
2295,261,16:02:128,+791
2296,261,16:02:128,+796
2297,261,16:02:128,+01
2298,261,16:02:128,+06
2299,261,16:02:128,+611
2300,261,16:02:128,+611
2301,261,16:02:129,+16
2302,261,16:02:129,+21
2303,261,16:02:129,+26
2304,261,16:02:129,+31
2305,261,16:02:129,+36
2306,261,16:02:129,+36
2307,261,16:02:129,+41
2308,261,16:02:129,+46
2309,261,16:02:129,+51
2310,261,16:02:129,+6
2311,261,16:02:129,+61
2312,261,16:02:129,+6
2313,261,16:02:129,+6
2314,261,16:02:129,+71
2315,261,16:02:129,+76
2316,261,16:02:129,+1
2317,261,16:02:129,+
2318,242,16:02:7320,+81
2319,242,16:02:7320,+81
2320,242,16:02:7320,+
2321,242,16:02:7320,+1
2322,242,16:02:7320,+
2323,242,16:02:7320,+11
2324,242,16:02:7320,+23
2325,242,16:02:7320,+1
2326,242,16:02:7320,+223
2327,242,16:02:7320,+26
2328,242,16:02:7320,+31
2329,242,16:02:7320,+36
2330,242,16:02:7320,+41
2331,242,16:02:7320,+6
2332,242,16:02:7320,+6
2333,242,16:02:7320,+51
2334,242,16:02:7320,+6
2335,242,16:02:31,+61
2336,242,16:02:31,+
2337,242,16:02:31,+71
2338,242,16:02:31,+71
2339,243,16:02:31,+76
2340,243,16:02:31,+1
2341,243,16:02:31,+
2342,243,16:02:31,+23
2343,243,16:02:31,+
2344,243,16:02:31,2+001
2345,243,16:02:31,2+001
2346,243,16:02:31,2+06
2347,243,16:02:31,2+011
2348,243,16:02:31,2+16
2349,243,16:02:31,2+21
2350,243,16:02:31,2+26
2351,243,16:02:31,2+26
2352,263,16:02:31,2+031
2353,243,16:02:8,2+36
2354,243,16:02:8,2+041
2355,243,16:02:8,2+046
2356,7264,16:02:8,2+031
2357,7264,16:02:8,2+6
2358,7264,16:02:8,2+6
2359,7264,16:02:8,2+061
2360,7264,16:02:8,2+6
2361,7264,16:02:8,2+071
2362,7264,16:02:8,2+7
2363,7264,16:02:8,2+01
2364,7264,16:02:8,2+06
2365,7264,16:02:8,2+06
2366,7264,16:02:8,2+091
2367,7264,16:02:8,2+6
2368,7264,16:02:8,2+101
2369,7264,16:02:8,2+106
2370,7264,16:02:133,2+111
2371,7264,16:02:133,2+116
2372,7264,16:02:133,2+116
2373,7264,16:02:133,2+121
2374,765,16:02:133,2+126
2375,765,16:02:133,2+131
2376,765,16:02:133,2+136
2377,765,16:02:133,2+141
2378,765,16:02:133,2+141
2379,765,16:02:133,2+146
2380,765,16:02:133,2+151
2381,765,16:02:133,2+156
2382,765,16:02:133,2+161
2383,765,16:02:133,2+166
2384,765,16:02:133,2+171
2385,765,16:02:133,2+171
2386,765,16:02:133,2+176
2387,765,16:02:,2+101
2388,765,16:02:,2+196
2389,765,16:02:,2+191
2390,246,16:02:,2+196
2391,246,16:02:,2+201
2392,246,16:02:,2+201
2393,246,16:02:,2+206
2394,246,16:02:,2+211
2395,246,16:02:,2+216
2396,246,16:02:,2+221
2397,246,16:02:,2+226
2398,246,16:02:,2+231
2399,246,16:02:,2+231
2400,246,16:02:,2+236
2401,246,16:02:,2+241
2402,246,16:02:,2+246
2403,246,16:02:,2+261
2404,246,16:02:35,2+256
2405,246,16:02:35,2+261
2406,246,16:02:35,2+261
2407,246,16:02:35,2+266
2408,246,16:02:35,2+271
2409,246,16:02:35,2+276
2410,267,16:02:35,2+261
2411,267,16:02:35,2+3
2412,267,16:02:35,2+291
2413,267,16:02:35,2+206
2414,267,16:02:35,2+206
2415,267,16:02:35,2+301
2416,267,16:02:35,2+06
2417,267,16:02:35,2+311
2418,267,16:02:35,2+316
2419,267,16:02:35,2+321
2420,267,16:02:35,2+321
2421,267,16:02:35,2+326
2422,267,16:02:1,2+331
2423,267,16:02:1,2+336
2424,267,16:02:1,2+341
2425,267,16:02:1,2+346
2426,267,16:02:1,2+381
2427,267,16:02:1,2+381
2428,267,16:02:1,2+356
2429,267,16:02:1,2+361
2430,267,16:02:1,2+346
2431,2468,16:02:1,2+371
2432,2468,16:02:1,2+37
2433,2468,16:02:1,2+31
2434,2468,16:02:1,2+36
2435,2468,16:02:1,2+36
2436,2468,16:02:1,2+391
2437,2468,16:02:1,2+306
2438,2468,16:02:1,2+401
2439,2468,16:02:37,2+406
2440,2468,16:02:37,2+41
2441,2468,16:02:37,2+41
2442,2468,16:02:37,2+41
2443,2468,16:02:37,2+2
2444,2468,16:02:37,2+2
2445,2468,16:02:37,2+43
2446,2468,16:02:37,2+4
2447,2468,16:02:37,2+44
2448,2468,16:02:37,2+44
2449,2468,16:02:37,2+44
2450,2468,16:02:37,2+45
2451,2468,16:02:37,2+4
2452,2468,16:02:37,2+4
2453,2468,16:02:37,2+
2454,2468,16:02:37,2+71
2455,2468,16:02:37,2+7
2456,2468,16:02:3,2+401
2457,2468,16:02:3,2+401
2458,265,16:02:3,2+4
2459,265,16:02:3,2+4
2460,265,16:02:3,2+4
2461,265,16:02:3,2+801
2462,265,16:02:3,2+06
2463,265,16:02:3,2+511
2464,265,16:02:3,2+511
2465,265,16:02:3,2+516
2466,265,16:02:3,2+521
2467,265,16:02:3,2+26
2468,265,16:02:3,2+531
2469,265,16:02:3,2+536
2470,265,16:02:3,2+41
2471,265,16:02:3,2+41
2472,265,16:02:3,2+
2473,265,16:02:3,2+581
2474,265,16:02:39,2+556
2475,265,16:02:39,2+561
2476,265,16:02:39,2+546
2477,265,16:02:39,2+571
2478,265,16:02:39,2+576
2479,265,16:02:39,2+576
2480,265,16:02:39,2+51
2481,265,16:02:39,2+586
2482,265,16:02:39,2+591
2483,265,16:02:39,2+56
2484,265,16:02:39,2+601
2485,265,16:02:39,2+0
2486,265,16:02:39,2+0
2487,265,16:02:39,2+611
2488,265,16:02:39,2+16
2489,274,16:02:39,2+21
2490,274,16:02:39,2+26
2491,274,16:02:40,2+631
2492,274,16:02:40,2+36
2493,274,16:02:40,2+41
2494,274,16:02:40,2+41
2495,274,16:02:40,2+1
2496,274,16:02:40,2+51
2497,274,16:02:40,2+6
2498,274,16:02:40,2+61
2499,274,16:02:40,2+
2500,274,16:02:40,2+671
2501,274,16:02:40,2+671
2502,274,16:02:40,2+71
2503,274,16:02:40,2+61
2504,274,16:02:40,2+
2505,274,16:02:40,2+691
2506,274,16:02:40,2+
2507,274,16:02:40,2+701
2508,274,16:02:141,2+706
2509,274,16:02:141,2+706
2510,274,16:02:141,2+711
2511,274,16:02:141,2+716
2512,274,16:02:141,2+721
2513,274,16:02:141,2+726
2514,274,16:02:141,2+731
2515,274,16:02:141,2+736
2516,274,16:02:141,2+736
2517,274,16:02:141,2+746
2518,274,16:02:141,2+746
2519,274,16:02:141,2+781
2520,274,16:02:141,2+756
2521,274,16:02:141,2+761
2522,271,16:02:141,2+766
2523,271,16:02:141,2+771
2524,271,16:02:141,2+771
2525,271,16:02:141,2+776
2526,271,16:02:142,2+761
2527,271,16:02:142,2+766
2528,271,16:02:142,2+791
2529,271,16:02:142,2+796
2530,271,16:02:142,2+01
2531,271,16:02:142,2+06
2532,271,16:02:142,2+06
2533,271,16:02:142,2+611
2534,271,16:02:142,2+16
2535,271,16:02:142,2+21
2536,271,16:02:142,2+2
2537,271,16:02:142,2+631
2538,271,16:02:142,2+36
2539,271,16:02:142,2+641
2540,271,16:02:142,2+641
2541,271,16:02:142,2+46
2542,271,16:02:142,2+51
2543,271,16:02:143,2+6
2544,271,16:02:143,2+61
2545,271,16:02:143,2+6
2546,271,16:02:143,2+71
2547,271,16:02:143,2+76
